PID,SID,ID,EID,ESID,NAME,NAME_SI,NAME_TA,CXP_OLDCODE
49,1,925,1-2-03-005,005,Kammalthura,කම්මල්තුර,கம்மல்துரை,77A
49,2,926,1-2-03-010,010,Pallansena North,උතුරු පල්ලන්සේන,பல்லனசேன வடக்கு,77
49,3,927,1-2-03-015,015,Kochchikade,කොච්චිකඩේ,கொச்சிக‍டை,78
49,4,928,1-2-03-020,020,Pallansena South,දකුණු පල්ලන්සේන,பல்லண்‍சேன தெற்கு,76
49,5,929,1-2-03-025,025,Daluwakotuwa,දළුවකොටුව,தலுவகொடுவ,74
49,6,930,1-2-03-030,030,Palangathure,පලඟතුරේ,பலங்கது‍ரை,75A
49,7,931,1-2-03-035,035,Ettukala,ඒත්තුකාල,ஏத்துகால,73
49,8,932,1-2-03-040,040,Daluwakotuwa East,නැගෙනහිර දළුවකොටුව,தலுவகொட்டுவ கிழக்கு,74A
49,9,933,1-2-03-045,045,Kattuwa,කට්ටුව,கட்டுவ,75
49,10,934,1-2-03-050,050,Dalupotha East,නැගෙනහිර දළුපත,தலுபொத்த கிழக்கு,72A
49,11,935,1-2-03-055,055,Dalupotha,දළුපත,தலுபொத்த,72
49,12,936,1-2-03-060,060,Kudapaduwa,කුඩපාඩුව,குடாபாடுவ,73A
49,13,937,1-2-03-065,065,Kudapaduwa North,කුඩපාඩුව උතුර,குடாபாடுவ வடக்கு,73B
49,14,938,1-2-03-070,070,Kudapaduwa South,කුඩපාඩුව දකුණ,குடாபாடுவ தெற்கு,73C
49,15,939,1-2-03-075,075,Wella Weediya,වැල්ල වීදිය,கடற்கரைத் தெரு,158
49,16,940,1-2-03-080,080,Wella Weediya East,වැල්ල වීදිය නැගෙනහිර,கடற்கரை தெரு கிழக்கு,158B
49,17,941,1-2-03-085,085,Periyamulla,පෙරියමුල්ල,பெரியமுல்ல,159
49,18,942,1-2-03-090,090,Hunupitiya,හුණුපිටිය,ஹுனுபிடிய,159A
49,19,943,1-2-03-095,095,Angurukaramulla,අඟුරුකාරමුල්ල,அங்குருகரமுள்ள,161A
49,20,944,1-2-03-100,100,Udayarthoppuwa,උඩයාර්තෝප්පුව,உடையார் தோப்பு,160
49,21,945,1-2-03-105,105,Wella Weediya South,දකුණු වැල්ල වීදිය,தெற்கு கடற்கரைத்தெரு,158A
49,22,946,1-2-03-110,110,Munnakkarai North,උතුරු මුන්නක්කරය,வடக்கு முன்னக்கரை,156A
49,23,947,1-2-03-115,115,Doowa,දූව,தீவு,162A
49,24,948,1-2-03-120,120,Pitipana North,උතුරු පිටිපන,வடக்கு பிடிபன,162
49,25,949,1-2-03-125,125,Pitipana Central,මැද පිටිපන,மத்திய பிடிபன,162D
49,26,950,1-2-03-130,130,Munnakkaraya,මුන්නක්කරය,முன்னக்கரை,156
49,27,951,1-2-03-135,135,Munnakkarai East,නැගෙනහිර මුන්නක්කරය,கிழக்கு முன்னக்கரை,156B
49,28,952,1-2-03-140,140,Thaladuwa,තලාදූව,தலாதீவு,160A
49,29,953,1-2-03-145,145,Udayarthoppuwa South,දකුණු උඩයාර්තෝප්පුව,தெற்கு உடையார் தோப்பு,160B
49,30,954,1-2-03-150,150,Bolawalana,බෝලවලාන,‍போலவலான,157
49,31,955,1-2-03-155,155,Kurana West,බටහිර කුරණ,‍மேற்கு குரண,157B
49,32,956,1-2-03-160,160,Kurana East,නැගෙනහිර කුරණ,குரண கிழக்கு,157A
49,33,957,1-2-03-165,165,Siriwardana Pedesa,සිරිවර්ධන පෙදෙස,சிரிவர்தன பிரதேசம்,156C
49,34,958,1-2-03-170,170,South Pitipana East,දකුණ පිටිපන නැගෙනහිර,தெற்கு பிடிபன கிழக்கு,162C
49,35,959,1-2-03-175,175,Pitipana South,දකුණු පිටිපන,தெற்கு பிடிபன,162B
49,36,960,1-2-03-180,180,Thalahena,තලාහේන,தலா‍ஹேன,163
49,37,961,1-2-03-185,185,Dungalpitiya,දුන්ගාල්පිටිය,துன்கால்பிடிய,163B
49,38,962,1-2-03-190,190,Seththappaduwa,සෙත්තප්පාඩුව,செத்தப்பாடுவ,163C
49,39,963,1-2-03-195,195,Kepungoda,කැපුන්ගොඩ,கபுன்கொட,163A
50,1,964,1-2-06-005,005,Muruthana,මුරුතාන,முருதான,66
50,2,965,1-2-06-010,010,Manaveriya,මානාවේරිය,மானாவெரிய,67A
50,3,966,1-2-06-015,015,Udangawa,උඩංගාව,உடங்காவ,67
50,4,967,1-2-06-020,020,Thoppuwa,තෝප්පුව,‍தோப்புவ,65A
50,5,968,1-2-06-025,025,Bambukuliya,බම්බුකුලිය,பம்புக்குளிய,65
50,6,969,1-2-06-030,030,Katana North,කටාන උතුර,கட்டான வடக்கு,64A
50,7,970,1-2-06-035,035,Katana East,කටාන නැගෙනහිර,கட்டான கிழக்கு,63
50,8,971,1-2-06-040,040,Katana West,කටාන බටහිර,கட்டான ‍மேற்கு,64
50,9,972,1-2-06-045,045,Maha Ethgala,මහ ඇත්ගාල,மஹா எத்கால,68A
50,10,973,1-2-06-050,050,Ethgala,ඇත්ගාල,எத்கால,68
50,11,974,1-2-06-055,055,Adikkandiya,අඩික්කන්ඩිය,அடிக்கண்டிய,69B
50,12,975,1-2-06-060,060,Welihena North,වැලිහේන උතුර,வெலி‍ஹேண வடக்கு,69
50,13,976,1-2-06-065,065,Welihena South,වැලිහේන දකුණ,வெலி‍ஹேண தெற்கு,69A
50,14,977,1-2-06-070,070,Pahala Kandawala,පහළ කඳවල,பஹல கந்தவல,70A
50,15,978,1-2-06-075,075,Ethgala South,ඇත්ගාල දකුණ,எத்கால தெற்கு,68B
50,16,979,1-2-06-080,080,Ihala Kandawala,ඉහළ කදවල,இஹல கந்தவள,70
50,17,980,1-2-06-085,085,Kaluwarippuwa West,කළුවරිප්පුව බටහිර,களுவரிப்புவ ‍மேற்கு,94
50,18,981,1-2-06-090,090,Kondagammulla,‍කොන්දගම්මුල්ල,கொண்தகம்முல்ல,93
50,19,982,1-2-06-095,095,Katiyala,කටියල,கட்டியால,93B
50,20,983,1-2-06-100,100,Kadirana North,කදිරාන උතුර,கதிரான வடக்கு,93A
50,21,984,1-2-06-105,105,K.C. De Silvapura,කේ .සී ද සිල්වාපුර,‍‍கே.சீ.த. சில்வா புரம்,70B
50,22,985,1-2-06-110,110,Thimbirigaskatuwa,තිඹිරිගස්කටුව,திம்பிரிகஸ்கட்டுவ,71
50,23,986,1-2-06-115,115,Sellakanda,සෙල්ලකන්ද,செல்லகந்த,161C
50,24,987,1-2-06-120,120,Katuwapitiya,කටුවපිටිය,கட்டுவாபிட்டிய,161B
50,25,988,1-2-06-125,125,Mahahunupitiya West,මහහුණුපිටිය බටහිර,மஹஹுணுபிட்டிய ‍மேற்கு,161D
50,26,989,1-2-06-130,130,Mahahunupitiya East,මහහුණුපිටිය නැගෙනහිර,மஹஹுணுபிட்டிய கிழக்கு,161
50,27,990,1-2-06-135,135,Pahala Kadirana,පහළ කදිරාන,பஹல கதிரான,93F
50,28,991,1-2-06-140,140,Kadirana,කදිරාන,கதிரான,93E
50,29,992,1-2-06-145,145,Akkara 50,අක්කර 50,அக்கர 50,93D
50,30,993,1-2-06-150,150,Kadirana South,කදිරාන දකුණ,கதிரான தெற்கு,93C
50,31,994,1-2-06-155,155,Kimbulapitiya West,කිඹුලාපිටිය බටහිර,கிம்புலாபிட்டிய ‍மேற்கு,92B
50,32,995,1-2-06-160,160,Kimbulapitiya North,කිඹුලාපිටිය උතුර,கிம்புலாபிட்டிய வடக்கு,92A
50,33,996,1-2-06-165,165,Kimbulapitiya South,කිඹුලාපිටිය දකුණ,கிம்புலாபிட்டிய தெற்கு,92
50,34,997,1-2-06-170,170,Kimbulapitiya Central,කිඹුලාපිටිය මධ්‍යම,மத்திய கிம்புலாபிட்டிய,92C
50,35,998,1-2-06-175,175,Andiambalama West,ආඬිඅම්බලම බටහිර,ஆடியம்பலம ‍மேற்கு,155
50,36,999,1-2-06-180,180,Walpola,වල්පොල,வல்பொல,155A
50,37,1000,1-2-06-185,185,Andiambalama East,ආඬිඅම්බලම නැගෙනහිර,ஆடியம்பலம கிழக்கு,155B
50,38,1001,1-2-06-190,190,Dewamottawa,දැවමොට්ටාව,‍‍தெவமொட்டாவ,154
50,39,1002,1-2-06-195,195,Kovinna,කෝවින්න,‍‍கோவின்ன,151
50,40,1003,1-2-06-200,200,Evariwatta,ඇවරිවත්ත,எவரிவத்தை,149
50,41,1004,1-2-06-205,205,Air Force Camp,ගුවන් හමුදා කඳවුර,விமானப்படை முகாம்,150
50,42,1005,1-2-06-210,210,Kurana Katunayaka Central,කුරණ කටුනායක,குரண கட்டுநாயக்கா மேற்கு,142B
50,43,1006,1-2-06-215,215,Kurana Katunayaka,කුරණ කටුනායක,குரண கட்டுநாயக வடக்கு,142
50,44,1007,1-2-06-220,220,Kurana Katunayaka South,කුරණ කටුනායක දකුණ,குரண கட்டுநாயக தெற்கு,142A
50,45,1008,1-2-06-225,225,Katunayaka North,කටුනායක උතුර,கட்டுநாயக வடக்கு,143
50,46,1009,1-2-06-230,230,Katunayaka South,කටුනායක දකුණ,கட்டுநாயக தெற்கு,143A
50,47,1010,1-2-06-235,235,Walanagoda,වලානගොඩ,வளாணகொட,152A
50,48,1011,1-2-06-240,240,Kalahapitiya,කලහපිටිය,களஹபிட்டிய,154A
50,49,1012,1-2-06-245,245,Madawala,මඩවල,மடவல,152
50,50,1013,1-2-06-250,250,Muthuwadiya,මුතුවාඩිය,முதுவாடிய,201
50,51,1014,1-2-06-255,255,Liyanagemulla North,ලියනගේමුල්ල උතුර,லியண‍கேமுல்ல வடக்கு,144A
50,52,1015,1-2-06-260,260,Liyanagemulla South,ලියනගේමුල්ල දකුණ,லியண‍கேமுல்ல தெற்கு,144
50,53,1016,1-2-06-265,265,Amandoluwa,අමන්දොළුව,அமந்தொலுவ,148
50,54,1017,1-2-06-270,270,Thampala,තැම්පල,தெம்பல,200
50,55,1018,1-2-06-275,275,Kuswala,කුස්වල,குஸ்வள,202
50,56,1019,1-2-06-280,280,Ganepola,ගනේපොල,க‍ணேப்பொல,203
50,57,1020,1-2-06-285,285,Heenatiyana West,හීනටියන බටහිර,ஹீணட்டியண ‍மேற்கு,153
50,58,1021,1-2-06-290,290,Heenatiyana South,හීනටියන දකුණ,ஹீணட்டியண தெற்கு,153B
50,59,1022,1-2-06-295,295,Heenatiyana East,හීනටියන නැගෙනහිර,ஹீணட்டியண கிழக்கு,153A
50,60,1023,1-2-06-300,300,Raddolugama North A,රද්දොළුගම උතුර ඒ,இரத்தொழுகம வடக்கு ' A ',199F
50,61,1024,1-2-06-305,305,Raddolugama North,රද්දොළුගම උතුර,இரத்தொழுகம வடக்கு,199C
50,62,1025,1-2-06-310,310,Raddolugama South,රද්දොළුගම දකුණ,இரத்தொழுகம தெற்கு,199B
50,63,1026,1-2-06-315,315,Raddolugama South A,රද්දොළුගම දකුණ ඒ,இரத்தொழுகம தெற்கு ' A ',199E
50,64,1027,1-2-06-320,320,Raddoluwa North,රද්දොළුව උතුර,இரத்தொழுவ வடக்கு,199
50,65,1028,1-2-06-325,325,Raddoluwa West,රද්දොළුව බටහිර,இரத்தொழுவ ‍மேற்கு,199D
50,66,1029,1-2-06-330,330,Seeduwa,සීදූව,சீதுவ,147
50,67,1030,1-2-06-335,335,Mookalangamuwa West,මූකලන්ගමුව බටහිර,மூகளன்கமுவ ‍மேற்கு,145B
50,68,1031,1-2-06-340,340,Mookalangamuwa East,මූකලන්ගමුව නැගෙනහිර,மூகளன்கமுவ கிழக்கு,145A
50,69,1032,1-2-06-345,345,Bandarawatta East,බණ්ඩාරවත්ත නැගෙනහිර,பண்டாரவத்த கிழக்கு,145C
50,70,1033,1-2-06-350,350,Bandarawatta West,බණ්ඩාරවත්ත බටහිර,பண்டாரவத்த ‍மேற்கு,145
50,71,1034,1-2-06-355,355,Dambaduraya,දඹදුරය,தம்பதுரய,198A
50,72,1035,1-2-06-360,360,Raddoluwa South,රද්දොළුව දකුණ,இரத்தொழுவ தெற்கு,199A
50,73,1036,1-2-06-365,365,Lansiyawadiya,ලන්සියාවාඩිය,லங்சியாவாடிய,204A
50,74,1037,1-2-06-370,370,Kotugoda,කොටුගොඩ,கொடுகொட,204
50,75,1038,1-2-06-375,375,Kasagahawatta,කසගහවත්ත,கஸகஹவத்த,204B
50,76,1039,1-2-06-380,380,Udammita North,උදම්මිට උතුර,உடம்மிட வடக்கு,197
50,77,1040,1-2-06-385,385,Alawathupitiya,අලවතුපිටිය,அளவதுபிடிய,198
50,78,1041,1-2-06-390,390,Udammita South,උදම්මිට දකුණ,உடம்மிட தெற்கு,197A
50,79,1042,1-2-06-395,395,Ambalammulla,අම්බලන්මුල්ල,அம்பளம்முள்ள,146
51,1,1043,1-2-09-005,005,Andimulla,ආඬිමුල්ල,ஆண்டிமுல்ல,61A
51,2,1044,1-2-09-010,010,Ambalayaya,අම්බලයාය,அம்பளயாய,61
51,3,1045,1-2-09-015,015,Bolagala,බෝලගල,‍போல்லகல,60A
51,4,1046,1-2-09-020,020,Otharawadiya,ඔතරවාඩිය,ஒத்தரவாடிய,60
51,5,1047,1-2-09-025,025,Godigamuwa West,ගොඩිගමුව බටහිර,கொடிகமுவ ‍மேற்கு,57
51,6,1048,1-2-09-030,030,Godigamuwa East,ගොඩිගමුව නැගෙනහිර,கொடிகமுவ கிழக்கு,57A
51,7,1049,1-2-09-035,035,Balawala,බලවල,பலவள,56C
51,8,1050,1-2-09-040,040,Badalgama,බඩල්ගම,படல்கம,56
51,9,1051,1-2-09-045,045,Delpakadawara,දෙල්පකඩවර,தெல்பகடவர,56A
51,10,1052,1-2-09-050,050,Sirigapathawatta,සිරිගපාතවත්ත,சிரிகபாதவத்த,55C
51,11,1053,1-2-09-055,055,Pethigoda,පැතිගොඩ,பதிகொட,55
51,12,1054,1-2-09-060,060,Alugolla,අළුගොල්ල,அளுகொள்ள,55B
51,13,1055,1-2-09-065,065,Polwatta,පොල්වත්ත,பொல்வத்த,54A
51,14,1056,1-2-09-070,070,Polhena,පොල්හේන,பொல்‍ஹேண,80E
51,15,1057,1-2-09-075,075,Mellawagedara,මැල්ලවගෙදර,மல்லவகெதர,80A
51,16,1058,1-2-09-080,080,Diklanda,දික්ලන්ද,திக்லந்த,80D
51,17,1059,1-2-09-085,085,Katukenda,කටුකෙන්ද,கட்டுகெந்த,55A
51,18,1060,1-2-09-090,090,Akarangaha,අකරන්ගහ,அக்கரங்கஹ,56B
51,19,1061,1-2-09-095,095,Kehelella West,කෙහෙල්ඇල්ල බටහිර,கெஹெல்எல்ல ‍மேற்கு,82C
51,20,1062,1-2-09-100,100,Lihiniyagammana,ලිහිණියගම්මන,இலிஹினியகம்மன,82B
51,21,1063,1-2-09-105,105,Akaragama East,අකරගම නැගෙනහිර,அகரகம கிழக்கு,58B
51,22,1064,1-2-09-110,110,Akaragama West,අකරගම බටහිර,அகரகம ‍மேற்கு,58
51,23,1065,1-2-09-115,115,Akaragama North,අකරගම උතුර,அக்கரகம வடக்கு,58C
51,24,1066,1-2-09-120,120,Pahala Madampella,පහළ මඩම්පැල්ල,பகல மடம்பல்ல,59
51,25,1067,1-2-09-125,125,Halpe,හල්පෙ,ஹல்‍பே,61B
51,26,1068,1-2-09-130,130,East Kaluwarippuwa North,නැගෙනහිර කළුවාරිප්පුව උතුර,கிழக்கு களுவாரிப்புவ வடக்கு,95A
51,27,1069,1-2-09-135,135,Koonagodamulla North,කොන්ගොඩමුල්ල උතුර,கோனகொடமுள்ள வடக்கு,62B
51,28,1070,1-2-09-140,140,Kongodamulla West,කොන්ගොඩමුල්ල බටහිර,கொங்கொடமுள்ள ‍மேற்கு,62
51,29,1071,1-2-09-145,145,Kongodamulla South,කොන්ගොඩමුල්ල දකුණ,கொங்கொடமுள்ள தெற்கு,62C
51,30,1072,1-2-09-150,150,Kongodamulla East,කොන්ගොඩමුල්ල නැගෙනහිර,கோன்கொடமுல்ல கிழக்கு,62A
51,31,1073,1-2-09-155,155,Ihala Madampella North,ඉහළ මඩම්පැල්ල උතුර,இஹல மடம்பல்ல வடக்கு,58E
51,32,1074,1-2-09-160,160,Ihala Madampella West,ඉහළ මඩම්පැල්ල බටහිර,இஹல மடம்பல்ல ‍மேற்கு,58D
51,33,1075,1-2-09-165,165,Ihala Madampella East,ඉහළ මඩම්පැල්ල නැගෙනහිර,இஹல மடம்பல்ல கிழக்கு,58A
51,34,1076,1-2-09-170,170,Ihalagama,ඉහළගම,இஹலகம,58F
51,35,1077,1-2-09-175,175,Kehelella South,කෙහෙල්ඇල්ල දකුණ,கெஹெல்எல்ல தெற்கு,82A
51,36,1078,1-2-09-180,180,Kehelella North,කෙහෙල්ඇල්ල උතුර,கெஹெல்எல்ல வடக்கு,82
51,37,1079,1-2-09-185,185,Delwagura,දෙල්වගුර,தெல்வகுர,81
51,38,1080,1-2-09-190,190,Wekada,වෑකඩ,‍‍வேகட,80B
51,39,1081,1-2-09-195,195,Kalumada,කළුමඩ,களுமட,80C
51,40,1082,1-2-09-200,200,Agalegedara,අගලෙගෙදර,அகலெகெதர,79C
51,41,1083,1-2-09-205,205,Waradala,වරාදල,வராதள,79A
51,42,1084,1-2-09-210,210,Kotadeniyawa,කොටදෙනියාව,கொட்டதெணியாவ,54B
51,43,1085,1-2-09-215,215,Erabadda,එරබද්ද,எரபத்த,54
51,44,1086,1-2-09-220,220,Diyagampala,දියගම්පල,தியகம்பல,53C
51,45,1087,1-2-09-225,225,Koradaminna,කොරදමින්න,கொரதமிண்ண,53E
51,46,1088,1-2-09-230,230,Dimbuldeniya,දිඹුල්දෙනිය,திபுல்தெனிய,53B
51,47,1089,1-2-09-235,235,Paragoda North,පරගොඩ උතුර,தொரொவ்வ பரகொட பகுதி,53F
51,48,1090,1-2-09-240,240,Paragoda South,පරගොඩ දකුණ,பராகொட தெற்கு,53A
51,49,1091,1-2-09-245,245,Moragalkanda,මොරගල්කන්ද,மொரகல்கந்த,53D
51,50,1092,1-2-09-250,250,Nawana West,නාවාන බටහිර,நாவண ‍மேற்கு,53
51,51,1093,1-2-09-255,255,Hettimulla,හෙට්ටිමුල්ල,ஹெட்டிமுள்ள,52B
51,52,1094,1-2-09-260,260,Halloluwa,හල්ලො‍ලුව,அம்பகஹலந்த பகுதி,52
51,53,1095,1-2-09-265,265,Kelegedara,කැලෑගෙදර,க‍லேகெதர,52A
51,54,1096,1-2-09-270,270,Heeralugedara,හීරළුගෙදර,ஹீரலுகெதர,79B
51,55,1097,1-2-09-275,275,Walpita,වල්පිට,வல்பிட,79
51,56,1098,1-2-09-280,280,Welagana,වෙලගාන,வெலகாண,80
51,57,1099,1-2-09-285,285,Thammita,තම්මිට,தம்மிட்ட,84
51,58,1100,1-2-09-290,290,Palliyapitiya West,පල්ලියපිටිය බටහිර,பல்லியபிடிய ‍மேற்கு,83
51,59,1101,1-2-09-295,295,Induragara North,ඉඳුරාගාර උතුර,இந்துராகார வடக்கு,88A
51,60,1102,1-2-09-300,300,Induragara South,ඉඳුරාගාර දකුණ,இந்துராகார தெற்கு,88D
51,61,1103,1-2-09-305,305,Kadawala North,කඩවල උතුර,கடவள வடக்கு,96A
51,62,1104,1-2-09-310,310,Kadawala,කඩවල,கடவள,96
51,63,1105,1-2-09-315,315,East Kaluwarippuwa South,නැගෙනහිර කළුවාරිප්පුව දකුණ,கிழக்கு களுவாரிப்புவ தெற்கு,95
51,64,1106,1-2-09-320,320,Miriswatta,මිරිස්වත්ත,மிரிஸ்வத்த,95B
51,65,1107,1-2-09-325,325,Dagonna North,දාගොන්න උතුර,தாகொண்ண வடக்கு,91
51,66,1108,1-2-09-330,330,Dagonna East,දාගොන්න නැගෙනහිර,தாகொண்ண கிழக்கு,91C
51,67,1109,1-2-09-335,335,Halgahawelawatta,හල්ගහවෙලවත්ත,ஹல்கஹவெளவத்த,90B
51,68,1110,1-2-09-340,340,Katuwellegama North,කටුවැල්ලේගම උතුර,கட்டுவலேகம வடக்கு,90A
51,69,1111,1-2-09-345,345,Kadawala South,කඩවල දකුණ,கடவள தெற்கு,96B
51,70,1112,1-2-09-350,350,Batepola,බටේපොල,பட்‍டேபொல,88B
51,71,1113,1-2-09-355,355,Doonagaha South,දූනගහ දකුණ,தூணகஹ தெற்கு,88C
51,72,1114,1-2-09-360,360,Doonagaha,දූනගහ,தூணகஹ,88
51,73,1115,1-2-09-365,365,Palliyapitiya East,පෑල්ලියපිටිය නැගෙනහිර,பல்லியபிடிய கிழக்கு,83A
51,74,1116,1-2-09-370,370,Hunumulla,හුණුමුල්ල,ஹுணுமுள்ள,86
51,75,1117,1-2-09-375,375,Hapugahagama,හපුගහගම,ஹபுகஹகம,85B
51,76,1118,1-2-09-380,380,Barawavila,බරවාවිල,பரவாவிள,85
51,77,1119,1-2-09-385,385,Kudagammana,කුඩගම්මන,குடகம்மண,51
51,78,1120,1-2-09-390,390,Pahala Madithiyawala,පහළ මඩිතියවල,பஹல மடிதியவள,46
51,79,1121,1-2-09-395,395,Kaluaggala,කළුඅග්ගල,களுஅக்கள,44A
51,80,1122,1-2-09-400,400,Kuleegedara,කුලීගෙදර,குளீகெதர,45
51,81,1123,1-2-09-405,405,Nawana East,නාවාන නැගෙනහිර,நாவாண கிழக்கு,53G
51,82,1124,1-2-09-410,410,Nariyamulla,නරියමුල්ල,நாரியமுள்ள,42A
51,83,1125,1-2-09-415,415,Halpe,හල්පෙ,ஹல்‍பே,42
51,84,1126,1-2-09-420,420,Parana Halpe West,පරණ හල්පෙ බටහිර,பரண ஹல்‍பே மேற்கு,41
51,85,1127,1-2-09-425,425,Parana Halpe East,පරණ හල්පෙ නැගෙනහිර,பரண ஹல்‍பே கிழக்கு,41A
51,86,1128,1-2-09-430,430,Gurullagama,ගුරුල්ලගම,குருள்ளகம,42B
51,87,1129,1-2-09-435,435,Ihala Kithulwala,ඉහළ කිතුල්වල,இஹல கித்துல்வள,43A
51,88,1130,1-2-09-440,440,Pahala Kithulwala,පහළ කිතුල්වල,பஹல கித்துல்வள,43
51,89,1131,1-2-09-445,445,Kithulwala North,කිතුල්වල උතුර,கித்துல்வள வடக்கு,43B
51,90,1132,1-2-09-450,450,Kaluaggala Pahalagama,කළුඅග්ගල පහළගම,களுஅக்கள பஹலகம,44B
51,91,1133,1-2-09-455,455,Wattemulla,වත්තේමුල්ල,வத்‍தேமுள்ள,44
51,92,1134,1-2-09-460,460,Ihala Madithiyawala,ඉහළ මඩිතියවල,இஹல மடிதியவள,46A
51,93,1135,1-2-09-465,465,Hangawatta,හඟ‍‍වත්ත,ஹங்கவத்த,47
51,94,1136,1-2-09-470,470,Rassapana,රස්සපාන,ரஸ்ஸபான,48
51,95,1137,1-2-09-475,475,Balagalla West,බලගල්ල බටහිර,பலகல்ல ‍மேற்கு,50
51,96,1138,1-2-09-480,480,Parana Handiya,පරණ හන්දිය,பரண ஹந்திய,50B
51,97,1139,1-2-09-485,485,Pinnakele,පින්නකැලේ,பிண்ணகெ‍லே,85A
51,98,1140,1-2-09-490,490,Pinnakele South,පින්නකැලේ දකුණ,பிண்ணகெ‍லே தெற்கு,85C
51,99,1141,1-2-09-495,495,Urapana,ඌරපාන,ஊரபாண,86B
51,100,1142,1-2-09-500,500,Kelepitimulla,කැලෑපිටිමුල්ල,கெ‍லேபிட்டிமுள்ள,86A
51,101,1143,1-2-09-505,505,Sayakkaramulla,සායක්කාරමුල්ල,சாயக்கரமுள்ள,86C
51,102,1144,1-2-09-510,510,Henpitagedara,හේන්පිටගෙදර,‍‍ஹேண்பிடகெதர,87C
51,103,1145,1-2-09-515,515,Aluthepola West,අළුතැපොල බටහිර,அளுத்‍தேபொல ‍மேற்கு,89
51,104,1146,1-2-09-520,520,Thotillagahawatta,තොටිල්ලගහවත්ත,தொட்டில்லகஹவத்த,89A
51,105,1147,1-2-09-525,525,Katuwellegama South,කටුවැල්ලේගම දකුණ,கட்டுவெல்‍லேகம தெற்கு,90
51,106,1148,1-2-09-530,530,Palugahawela,පලුගහවෙල,பலுகஹவெள,91B
51,107,1149,1-2-09-535,535,Dagonna South,දාගොන්න දකුණ,தாகொண்ண தெற்கு,91A
51,108,1150,1-2-09-540,540,Hapuwalana South,හපුවලාන දකුණ,ஹப்புவளாண தெற்கு,87B
51,109,1151,1-2-09-545,545,Hapuwalana,හපුවලාන,ஹப்புவளாண,87
51,110,1152,1-2-09-550,550,Bomugammana North,බෝමුගම්මන උතුරඋතුර,பொமுகம்மண வடக்கு,97A
51,111,1153,1-2-09-555,555,Bomugammana South,බෝමුගම්මන දකුණ,பொமுகம்மண தெற்கு,97B
51,112,1154,1-2-09-560,560,Pinnalanda,පින්නලන්ද,பிண்ணலந்த,97D
51,113,1155,1-2-09-565,565,Divulapitiya,දිවුලපිටිය,திவுலபிட்டிய,97
51,114,1156,1-2-09-570,570,Balagalla East,බලගල්ල නැගෙනහිර,பலகல்ல கிழக்கு,50A
51,115,1157,1-2-09-575,575,Ullapola East,උල්ලලපොල නැගෙනහිර,உள்ளனபொல கிழக்கு,49
51,116,1158,1-2-09-580,580,Ullapola West,උල්ලලපොල බටහිර,உள்ளபொல மேற்கு,49A
51,117,1159,1-2-09-585,585,Wewagedara,වැවගෙදර,வெவகெதர,97C
51,118,1160,1-2-09-590,590,Horagasmulla,හොරගස්මුල්ල,ஹொரகஸ்முள்ள,97E
51,119,1161,1-2-09-595,595,Aswennawatta East,අස්වැන්නවත්ත නැගෙනහිර,அஸ்வெண்ணவத்த கிழக்கு,104
51,120,1162,1-2-09-600,600,Hapuwalana North,හපුවලාන උතුර,ஹப்புவளாண வடக்கு,87A
51,121,1163,1-2-09-605,605,Aswennawatta West,අස්වැන්නවත්ත බටහිර,அஸ்வெண்ணவத்த மேற்கு,104A
51,122,1164,1-2-09-610,610,Weragodamulla,වේරගොඩමුල්ල,‍‍வேரகொடமுள்ள,104B
51,123,1165,1-2-09-615,615,Aluthepola East,අළුතැපොල නැගෙනහිර,அளுத்‍தேபொல கிழக்கு,89B
52,1,1166,1-2-12-005,005,Nalla,නාල්ල,நால்ல,3A
52,2,1167,1-2-12-010,010,Giriullagama,ගිරිඋල්ලගම,கிரிஉல்லகம,1A
52,3,1168,1-2-12-015,015,Loluwagoda,ලෝලුවාගොඩ,லொலுவாகொட,1
52,4,1169,1-2-12-020,020,Delwala South,දෙල්වල දකුණ,தெல்வள தெற்கு,3B
52,5,1170,1-2-12-025,025,Delwala,දෙල්වල,தெல்வள,3
52,6,1171,1-2-12-030,030,Loluwagoda South,ලෝලුවාගොඩ දකුණ,லொலுவாகொட தெற்கு,1B
52,7,1172,1-2-12-035,035,Madurupitiya,මදුරුපිටිය,மதுருபிட்டிய,11
52,8,1173,1-2-12-040,040,Hapugahagedara,හපුගහගෙදර,ஹபுகஹகெதர,11A
52,9,1174,1-2-12-045,045,Kadangamuwa,කඳන්ගමුව,கந்தன்கமுவ,2
52,10,1175,1-2-12-050,050,Henegama,හේනේගම,‍‍‍ஹேனெகம,5
52,11,1176,1-2-12-055,055,Maladeniya,මාලදෙණිය,மலதெணிய,4A
52,12,1177,1-2-12-060,060,Kahadawa,කහදව,கஹந்தவ,4
52,13,1178,1-2-12-065,065,Kandalama,කණ්ඩලම,கந்டலம,6
52,14,1179,1-2-12-070,070,Walbotale,වල්බෝතලේ,வல்‍போத‍லே,10
52,15,1180,1-2-12-075,075,Perisyala,පිරිස්යාල,பி‍ரிஸ்யால,12A
52,16,1181,1-2-12-080,080,Kamarangawa,කාමරන්ගාව,கமரகொட,12B
52,17,1182,1-2-12-085,085,Keenadeniya,කීනදෙනිය,கீணதெணிய,12
52,18,1183,1-2-12-090,090,Bothale Pahalagama North,බෝතලේ පහළගම උතුර,போத்த‍லே பகலகம வடக்கு,14E
52,19,1184,1-2-12-095,095,Maweehena,මාවීහේන,மாவீ‍‍ஹேன,9A
52,20,1185,1-2-12-100,100,Kurunduwatta,කුරුඳුවත්ත,குருந்துவத்தை,9B
52,21,1186,1-2-12-105,105,Purana Meerigama,පුරාණ මීරිගම,புரான மீரிகம,9
52,22,1187,1-2-12-110,110,Hakurukumbura,හකුරුකුඹුර,அக்குருகும்புர,7
52,23,1188,1-2-12-115,115,Mugurugampala,මුගුරුගම්පල,முருகம்பல,8
52,24,1189,1-2-12-120,120,Vilwatta,විල්වත්ත,வில்வத்த,15
52,25,1190,1-2-12-125,125,Thawalampitiya,තවලම්පිටිය,தவலம்பிடிய,15E
52,26,1191,1-2-12-130,130,Bothale Pahalagama,බෝතලේ පහළගම,போத‍லே பஹலகம,14
52,27,1192,1-2-12-135,135,Bothale Pahalagama West,බෝතලේ පහළගම බටහිර,போத‍லே பஹலகம ‍மேற்கு,14D
52,28,1193,1-2-12-140,140,Bothale Medagama,බෝතලේ මැදගම,போத‍லே மெதகம,14C
52,29,1194,1-2-12-145,145,Bothale Pahalagama East,බෝතලේ පහළගම නැගෙනහිර,போத‍லே பஹலகம கி‍ழக்கு,14F
52,30,1195,1-2-12-150,150,Thalagama East,තලගම නැගෙනහිර,தளகம கி‍ழக்கு,13B
52,31,1196,1-2-12-155,155,Thalagama,තලගම,தளகம,13A
52,32,1197,1-2-12-160,160,Balathawa,බලතව,பளதவ,13C
52,33,1198,1-2-12-165,165,Makura,මාකුර,மகூர,13
52,34,1199,1-2-12-170,170,Pottekanda,පොත්තේකන්ද,பொத்தேகந்த,14B
52,35,1200,1-2-12-175,175,Bothale Iahalagama,බෝතලේ ඉහළගම,போத‍லே இஹலகம,14A
52,36,1201,1-2-12-180,180,Adagalakanda,ආදාගලකන්ද,அண்டகலகந்த,14G
52,37,1202,1-2-12-185,185,Ihala Halugama,ඉහළ හලුගම,இஹல ஹலுகம,16F
52,38,1203,1-2-12-190,190,Kidiwala,කිදිවල,கிந்திவள,16B
52,39,1204,1-2-12-195,195,Pahala Halugama,පහළ හලුගම,பஹல ஹலுகம,16E
52,40,1205,1-2-12-200,200,Meerigama,මීරිගම,மீரிகம,15B
52,41,1206,1-2-12-205,205,Walawwatta,වලව්වත්ත,வலவ்வத்த,15D
52,42,1207,1-2-12-210,210,Thilinagama,තිලිණගම,திலினகம,40C
52,43,1208,1-2-12-215,215,Vijayarajadahana,විජයරජදහන,விஜயரஜ தஹன,40B
52,44,1209,1-2-12-220,220,Ihala Neligama,නැලිගම ඉහළ,இஹல நெலிகம,15C
52,45,1210,1-2-12-225,225,Neligama Central,නැලිගම මධ්‍යම,மத்திய நெலிகம,15F
52,46,1211,1-2-12-230,230,Neligama,නැලිගම,நெலிகம,15A
52,47,1212,1-2-12-235,235,Lindara,ලින්දර,லிந்தர,16
52,48,1213,1-2-12-240,240,Halugama,හලුගම,ஹலுகம,16A
52,49,1214,1-2-12-245,245,Siyambalagoda,සියඹලාගොඩ,சியம்பலாகொட,21C
52,50,1215,1-2-12-250,250,Pahala Lindara,පහළ ලින්දර,பஹல லிந்தர,16D
52,51,1216,1-2-12-255,255,Pohonnaruwa,පොහොන්නරුව,பொஹொண்ணறுவ,17
52,52,1217,1-2-12-260,260,Indiparape,ඉඳිපරපේ,இந்திபரப்‍பே,40A
52,53,1218,1-2-12-265,265,Kosetadeniya,කොස්ඇටදෙනිය,கொஸ்எடதெனிய,39
52,54,1219,1-2-12-270,270,Imbulanwala,ඉඹුලන්වල,இம்புலன்வள,38
52,55,1220,1-2-12-275,275,Uduulla,උඩුඋල්ල,உடுஉல்ல,37
52,56,1221,1-2-12-280,280,Gaspe,ගස්පේ,கஸ்‍பே,36
52,57,1222,1-2-12-285,285,Banduragoda,බාඳුරාගොඩ,பாந்துராகொட,35
52,58,1223,1-2-12-290,290,Keppitiwalana,කැප්පිටිවලාන,கப்பிடிவலான,34A
52,59,1224,1-2-12-295,295,Gaspe Pahalagama,ගස්පෙ පහළගම,கஸ்‍பே பஹலகம,36A
52,60,1225,1-2-12-300,300,Galgana,ගල්ගාන,கல்காண,32A
52,61,1226,1-2-12-305,305,Pelapitigama,පෙලපිටිගන,பெலபிட்டிகம,31B
52,62,1227,1-2-12-310,310,Elhena,ඇල්හේන,எல்‍ஹேன,31C
52,63,1228,1-2-12-315,315,Ganegoda,ගනේගොඩ,கனேகொட,40
52,64,1229,1-2-12-320,320,Hiriwala,හිරිවල,ஹிரிவள,40D
52,65,1230,1-2-12-325,325,Handurumulla,හන්දුරුමුල්ල,ஹந்துருமுள்ள,18A
52,66,1231,1-2-12-330,330,Pamunuwatta,පමුණුවත්ත,பமுணுவத்த,19A
52,67,1232,1-2-12-335,335,Ihala Lindara,ලින්දර ඉහළ,இஹல லிந்தர,16C
52,68,1233,1-2-12-340,340,Arukgoda,අරුක්ගොඩ,அருக்கொட,21A
52,69,1234,1-2-12-345,345,Madabavita,මඩබාවිට,மதபாவிட்ட,21
52,70,1235,1-2-12-350,350,Madabavita Ihalagama,මඩබාවිට ඉහළගම,மடபாவிட்ட இஹலகம,21B
52,71,1236,1-2-12-355,355,Nawgala,නැව්ගල,நவ்கல,22A
52,72,1237,1-2-12-360,360,Danovita,දංඕවිට,த‍ணோவிட,22
52,73,1238,1-2-12-365,365,Weweldeniya Pahalagama,වේවැල්දෙනිය පහළගම,‍‍வேவெல்தெணிய பஹலகம,20A
52,74,1239,1-2-12-370,370,Weweldeniya Pahalagama West,වේවැල්දෙනිය පහළගම බටහිර,‍‍வேவெல்தெணிய பஹலகம ‍மேற்கு,20B
52,75,1240,1-2-12-375,375,Henepola,හේනේපොල,‍‍ஹேணெபொல,19
52,76,1241,1-2-12-380,380,Palmada,පල්මඩ,பல்மட,18
52,77,1242,1-2-12-385,385,"Kal /Pallewela, Kotakanda","කල්/පල්ලේවෙල, කොටකන්ද","கல் / பல்‍லேவெள, கொடகந்த",26
52,78,1243,1-2-12-390,390,Raddelgoda,රද්දෙල්ගොඩ,ரத்தெல்கொட,28B
52,79,1244,1-2-12-395,395,Ihala Bokalagama,ඉහළ බොකලගම,இஹல ‍போகலகம,31A
52,80,1245,1-2-12-400,400,Pahala Bokalagama,පහළ බොකලගම,பஹல போகலகம,31
52,81,1246,1-2-12-405,405,Kukulnape,කුකුල්නාපේ,குக்குள்னாப்பெ,32
52,82,1247,1-2-12-410,410,Gaspe South,ගස්පේ දකුණ,கஸ்‍பே தெற்கு,36B
52,83,1248,1-2-12-415,415,Muddaragama,මුද්දරගම,முத்தரகம,34
52,84,1249,1-2-12-420,420,Hanchapola,හන්චපොල,ஹண்சபொல,33
52,85,1250,1-2-12-425,425,"Hirikuluwa,Ganemulla,Dathgama","හිරිකුළුව, ගණේමුල්ල, දෑත්ගම","ஹிரிகுளுவ,கணேமுல்ல,தத்கம",33A
52,86,1251,1-2-12-430,430,Pathagama,පාතගම,பாத்தகம,34B
52,87,1252,1-2-12-435,435,Borukgamuwa West,බොරුක්ගමුව බටහිර,பொருக்கமுவ மேற்கு,336B
52,88,1253,1-2-12-440,440,Borukgamuwa,බොරැක්ගමුව,பொருக்கமுவ,336
52,89,1254,1-2-12-445,445,Pallewela,පල්ලෙවෙල,பல்‍லேவெள,29A
52,90,1255,1-2-12-450,450,Weragoda / Kakkele,වේරගොඩ / කාක්කැලේ,‍வே‍‍ரகொட / கக்கெ‍லே,30A
52,91,1256,1-2-12-455,455,Hansagiriya,හන්සගිරිය,ஹண்ஸகிரிய,28F
52,92,1257,1-2-12-460,460,Welavilamulla North,වැලවිලමුල්ල උතුර,வெலவிலமுள்ள வடக்கு,28D
52,93,1258,1-2-12-465,465,Welavilamulla,වැලවිලමුල්ල,வெலவிலமுள்ள,28A
52,94,1259,1-2-12-470,470,Udawela,උඩවෙල,உடவெள,27
52,95,1260,1-2-12-475,475,Hapitigama,හාපිටිගම,ஹப்பிட்டிகம,25
52,96,1261,1-2-12-480,480,Makkanigoda North,මක්කනිගොඩ උතුර,மக்கணிகொட வடக்கு,25C
52,97,1262,1-2-12-485,485,Pahalawela,පහළවෙල,பஹலவெள,19B
52,98,1263,1-2-12-490,490,Millawala,මිල්ලවල,மில்லவள,20D
52,99,1264,1-2-12-495,495,Weweldeniya Ihalagama West,වේවැල්දෙනිය ඉහළගම බටහිර,வேவெல்தெனிய இஹலகம மேற்கு,20C
52,100,1265,1-2-12-500,500,Weweldeniya Ihalagama,වේවැල්දෙනිය ඉහළගම,வேவெல்தெனிய இஹலகம,20
52,101,1266,1-2-12-505,505,Kotadeniya,කොටදෙනිය,கொட்டதெனிய,23
52,102,1267,1-2-12-510,510,Ilukpatha / Weragoda,ඉලුක්පොත/වීරගොඩ,இலுக்பத / வீரகொட,23A
52,103,1268,1-2-12-515,515,Hedidenikanda-Radawadunna,හෙද්දෙනිකන්ද - රදාවඩුන්න,ஹெதெணிகந்த-ரதவடுண்ண,358A
52,104,1269,1-2-12-520,520,Radawadunna,රදාවඩුන්න,ரதவடுண்ண,360
52,105,1270,1-2-12-525,525,Bataleeya,බටලීය,பட்டலீய,25A
52,106,1271,1-2-12-530,530,Bataleeya South,බටලීය දකුණ,பட்டலீய தெற்கு,25B
52,107,1272,1-2-12-535,535,Bolana,බොලාන,‍‍போலாண,28C
52,108,1273,1-2-12-540,540,Mallehewa,මල්ලැහැව,மல்லெஹெவ,28
52,109,1274,1-2-12-545,545,Wabadamulla,වෑබඩමුල්ල,‍‍வேபடமுள்ள,28E
52,110,1275,1-2-12-550,550,Weragoda,වීරගොඩ,வீரகொட,30
52,111,1276,1-2-12-555,555,Midellawala,මිදෙල්ලවල,மிதெல்லவள,29
52,112,1277,1-2-12-560,560,Kendalanda,කෙන්දලන්ද,கெந்தலந்த,336A
52,113,1278,1-2-12-565,565,Nungamuwa,නුන්ගමුව,நுன்கமுவ,336C
52,114,1279,1-2-12-570,570,Uthuwambogahawatta,උතුවම්බෝගහවත්ත,உத்துவம்‍போகஹவத்த,335
52,115,1280,1-2-12-575,575,Pahala Maligathenna,පහළ මාළිගාතැන්න,பஹல மாலிகாதென்ன,337B
52,116,1281,1-2-12-580,580,Maligathenna Central,මාළිගාතැන්න මධ්‍යම,மத்திய மாலிகாதென்ன,337C
52,117,1282,1-2-12-585,585,Wandurawa,වඳුරාව,வந்துராவ,337
52,118,1283,1-2-12-590,590,Galgamuwa West,ගල්ගමුව බටහිර,கல்கமுவ ‍மேற்கு,338A
52,119,1284,1-2-12-595,595,Galgamuwa East,ගල්ගමුව නැගෙනහිර,கல்கமுவ கிழக்கு,338
52,120,1285,1-2-12-600,600,Kumbaloluwa,කුඹල්ඔලුව,கும்பல்லொலுவ,340
52,121,1286,1-2-12-605,605,Ihala Kumbaloluwa,ඉහළ කුම්බාලොලුව,இஹல கும்பல்லொலுவ,340B
52,122,1287,1-2-12-610,610,Pahala Kumbaloluwa,පහළ කුම්බාලොලුව,பஹல கும்பல்ஒலுவ,340A
52,123,1288,1-2-12-615,615,Dumunnegedara South,දුමුන්නේගෙදර දකුණ,துமுன்னேகெதர தெற்கு,341A
52,124,1289,1-2-12-620,620,Dumunnegedara - Kalatuwawa,දුමුන්නේගෙදර - කලටුවාව,துமுன்னேகெதர,341
52,125,1290,1-2-12-625,625,Pasyala,පස්යාල,பஸ்யால,342
52,126,1291,1-2-12-630,630,Pasyala West,පස්යාල බටහිර,பஸ்யால மேற்கு,342B
52,127,1292,1-2-12-635,635,Muruthawala,මුරුතවල,முருதவல,24
52,128,1293,1-2-12-640,640,Kithanawatta,කිතානවත්ත,கிதானவத்த,356A
52,129,1294,1-2-12-645,645,Kammalpitiya,කම්මල්පිටිය,கம்மல்பிட்டிய,360B
52,130,1295,1-2-12-650,650,Radawadunna Central,රදාවඩුන්න මධ්‍යම,மத்திய ரதவடுன்ன,360C
52,131,1296,1-2-12-655,655,Imbulgasovita,ඉඹුල්ගස්ඕවිට,இம்புல்கஸ்ஓவிட்ட,360D
52,132,1297,1-2-12-660,660,Pahala Radawadunna,පහළ රදාවඩුන්න,பஹல ரதவடுன்ன,360A
52,133,1298,1-2-12-665,665,Weerasooriyakanda,වීරසූරියකන්ද,வீரசூரியகந்த,358
52,134,1299,1-2-12-670,670,Pasyala East,පස්යාල නැගෙනහිර,பஸ்யால கிழக்கு,342A
52,135,1300,1-2-12-675,675,Udugama,උඩුගම,உடுகம,334A
52,136,1301,1-2-12-680,680,Panawala,පනාවල,பணவள,344
52,137,1302,1-2-12-685,685,Delgahamedilla,දෙල්ගහමිදෙල්ල,தெல்கஹமிதெல்ல,340C
52,138,1303,1-2-12-690,690,Mottunna West,මොට්ටුන්න බටහිර,மொட்டுன்ன மேற்கு,339A
52,139,1304,1-2-12-695,695,Mottunna,මොට්ටුන්න,மொத்துன்ன,339
52,140,1305,1-2-12-700,700,Maligathenna,මාළිගාතැන්න,மாலிகாதென்ன,337A
52,141,1306,1-2-12-705,705,Kureekotuwa,කුරීකොටුව,குரீகொட்டுவ,334
52,142,1307,1-2-12-710,710,Hakwaduna,හක්වඩුන,ஹக்வடுன,344A
52,143,1308,1-2-12-715,715,Pahala Kureekotuwa,පහළ කුරීකොටුව,பஹல குரீகொட்டுவ,334B
52,144,1309,1-2-12-720,720,Ellalamulla,ඇල්ලලමුල්ල,எல்லலமுள்ள,356
52,145,1310,1-2-12-725,725,Debahera,දෙබහැර,தெபஹெர,357A
52,146,1311,1-2-12-730,730,Mawathahena,මාවතහේන,மாவத்த‍ஹேன,357C
52,147,1312,1-2-12-735,735,Meevitiya,මීවිටිය,மீவிட்டிய,357
52,148,1313,1-2-12-740,740,Ketakalapitiya,කැටකලපිටිය,கெட்டகலபி்ட்டிய,357B
52,149,1314,1-2-12-745,745,Dambutuwa,දඹුටුව,தம்புட்டுவ,359
53,1,1315,1-2-15-005,005,Medemulla North,මැඩෑමුල්ල උතුර,மெடேமுல்ல வடக்கு,112/3
53,2,1316,1-2-15-010,010,Nilpanagoda West,නිල්පනාගොඩ බටහිර,நில்பனாகொட ‍மேற்கு,112/4
53,3,1317,1-2-15-015,015,Nilpanagoda East,නිල්පනාගොඩ නැගෙනහිර,நில்பனாகொட கிழக்கு,112/2
53,4,1318,1-2-15-020,020,Nilpanagoda,නිල්පනාගොඩ,நில்பனாகொட,112/1
53,5,1319,1-2-15-025,025,Arangawa,ආරංගාව,ஆரங்காவ,105/3
53,6,1320,1-2-15-030,030,Horampella North,හොරම්පැල්ල උතුර,ஹொரம்பெல்ல வடக்கு,105/1
53,7,1321,1-2-15-035,035,Galkanda,ගල්කන්ද,கல்கந்த,105/4
53,8,1322,1-2-15-040,040,Bodhipihituwala,බෝධිපිහිටුවල,‍போதிபிஹிட்டுவல,105/5
53,9,1323,1-2-15-045,045,Watinapaha,වටිනපහ,வட்டினபஹ,103
53,10,1324,1-2-15-050,050,Mabodala West,මාබෝදල බටහිර,மா‍போதல மேற்கு,98/3
53,11,1325,1-2-15-055,055,Mabodala North,මාබෝදල උතුර,மா‍போதல வடக்கு,98/1
53,12,1326,1-2-15-060,060,Ihala Vithanamulla,ඉහළ විතානමුල්ල,இஹல விதானமுல்ல,98/4
53,13,1327,1-2-15-065,065,Nalapaha,නාලපහ,நலபஹ,99/3
53,14,1328,1-2-15-070,070,Pahala Vithanamulla,පහළ විතානමුල්ල,பஹல விதானமுல்ல,98/5
53,15,1329,1-2-15-075,075,Mabodala East,මාබෝදල නැගෙනහිර,மா‍போதல கிழக்கு,98
53,16,1330,1-2-15-080,080,Mabodala South,මාබෝදල දකුණ,மா‍போதல தெற்கு,98/2
53,17,1331,1-2-15-085,085,Watinapaha South,වටිනපහ දකුණ,வடினபஹ தெற்கு,103/1
53,18,1332,1-2-15-090,090,Wankepumulla,වන්කැපුමුල්ල,வன்கெப்புமுல்ல,103/2
53,19,1333,1-2-15-095,095,Kamaragoda,කමරගොඩ,கமரகொட,103/3
53,20,1334,1-2-15-100,100,Kudagoda,කුඩාගොඩ,குடாகொட,105/6
53,21,1335,1-2-15-105,105,Horampella South,හොරම්පැල්ල දකුණ,ஹொரம்பெல்ல தெற்கு,105
53,22,1336,1-2-15-110,110,Mahagama,මහගම,மஹகம,105/2
53,23,1337,1-2-15-115,115,Wegowwa South,වෑගොව්ව දකුණ,‍‍‍வேகொவ்வ தெற்கு,113
53,24,1338,1-2-15-120,120,Minuwangoda East,මිනුවන්ගොඩ නැගෙනහිර,மினுவன்கொ‍ட கிழக்கு,125/3
53,25,1339,1-2-15-125,125,Minuwangoda North,මිනුවන්ගොඩ උතුර,மினுவன்கொ‍ட வடக்கு,125/2
53,26,1340,1-2-15-130,130,Medemulla South,මැඩෑමුල්ල දකුණ,மெடேமுல்ல தெற்கு,112
53,27,1341,1-2-15-135,135,Boragodawatta North,බොරගොඩවත්ත උතුර,பொரகொடவத்த வடக்கு,124
53,28,1342,1-2-15-140,140,Yatiyana,යටියන,யட்டியன,123
53,29,1343,1-2-15-145,145,Peellawatta,පීල්ලවත්ත,பீல்லவத்த,123/1
53,30,1344,1-2-15-150,150,Unnaruwa,උන්නාරුව,உன்னாருவ,122
53,31,1345,1-2-15-155,155,Yatiyana Central,යටියන මධ්‍යම,மத்திய யட்டியன,123/4
53,32,1346,1-2-15-160,160,Yatiyana East,යටියන නැගෙනහිර,யட்டியன கிழக்கு,123/3
53,33,1347,1-2-15-165,165,Kopiwatta,කෝපිවත්ත,‍கோபிவத்தை,123/2
53,34,1348,1-2-15-170,170,Boragodawatta South,බොරගොඩවත්ත දකුණ,பொரகொடவத்த தெற்கு,124/1
53,35,1349,1-2-15-175,175,Minuwangoda West,මිනුවන්ගොඩ බටහිර,மினுவன்கொ‍ட ‍மேற்கு,125/1
53,36,1350,1-2-15-180,180,Meda Minuwangoda,මිනුවන්ගොඩ මැද,மத்திய மினுவன்கொ‍ட,125
53,37,1351,1-2-15-185,185,Pansilgoda,පන්සිල්ගොඩ,பன்சில்கொட,126/1
53,38,1352,1-2-15-190,190,Wegowwa East,වෑගොව්ව නැගෙනහිර,‍வேகொவ்வ கிழக்கு,113/1
53,39,1353,1-2-15-195,195,Helakandana,හැලකන්දන,ஹெலகந்தன,115
53,40,1354,1-2-15-200,200,Peralanda,පේරලන්ද,‍பேரலந்த,107/1
53,41,1355,1-2-15-205,205,Dewalapola,දෙවලපොල,‍தேவாலப்பொல,106
53,42,1356,1-2-15-210,210,Wadumulla,වඩුමුල්ල,வடுமுல்ல,101
53,43,1357,1-2-15-215,215,Metikotumulla,මැටිකොටුමුල්ල,மெடிகொட்டுமுல்ல,102/1
53,44,1358,1-2-15-220,220,Essella,එස්සැල්ල,எஸ்ஸெல்ல,102
53,45,1359,1-2-15-225,225,Yatagama,යටගම,யட்டகம,99/4
53,46,1360,1-2-15-230,230,Naiwala North,නයිවල උතුර,நயிவல வடக்கு,99
53,47,1361,1-2-15-235,235,Naiwala East,නයිවල නැගෙනහිර,நயிவல கிழக்கு,99/2
53,48,1362,1-2-15-240,240,Naiwala West,නයිවල බටහිර,நயிவல ‍மேற்கு,99/1
53,49,1363,1-2-15-245,245,Walpitamulla,වල්පිටමුල්ල,வல்பிடமுல்ல,100
53,50,1364,1-2-15-250,250,Balabowa,බලබෝව,பல‍போவ,127
53,51,1365,1-2-15-255,255,Balabowa West,බලබෝව බටහිර,பால‍போவ மேற்கு,127/1
53,52,1366,1-2-15-260,260,Pethiyagoda North,පෙතියාගොඩ උතුර,பெதியாகொட வடக்கு,108
53,53,1367,1-2-15-265,265,Gallegedara,ගල්ලෙගෙදර,க‍ல்லெகெதர,109
53,54,1368,1-2-15-270,270,Ganihimulla,ගනිහිමුල්ල,கணிகிமுல்ல,107
53,55,1369,1-2-15-275,275,Hendimahara,හෙන්ඩිමහර,ஹென்டிமஹர,141
53,56,1370,1-2-15-280,280,Kalawana,කලවාන,கலவான,114
53,57,1371,1-2-15-285,285,Wattegedara,වත්තෙගෙදර,வத்தெகெதர,126
53,58,1372,1-2-15-290,290,Ambagahawatta,අඹගහවත්ත,அம்பகஹவத்த,126/3
53,59,1373,1-2-15-295,295,Galloluwa East,ගල්ලොලුව නැගෙනහිර,கல்லொலுவ கிழக்கு,121/1
53,60,1374,1-2-15-300,300,Galloluwa,ගල්ලොලුව,கல்லொலுவ,121
53,61,1375,1-2-15-305,305,Kalahugoda,කලහුගොඩ,கலஹுகொட,122/1
53,62,1376,1-2-15-310,310,Polwatta West,පොල්වත්ත බටහිර,பொல்வத்த ‍மேற்கு,120/1
53,63,1377,1-2-15-315,315,Polwatta East,පොල්වත්ත නැගෙනහිර,பொல்வத்த கிழக்கு,120
53,64,1378,1-2-15-320,320,Pattanduwana North,පත්තඬුවන උතුර,பட்டன்டுவன வடக்கு,118/2
53,65,1379,1-2-15-325,325,Ellangala,එල්ලන්ගල,எல்லன்கல,117/2
53,66,1380,1-2-15-330,330,Burullapitiya,බුරුල්ලපිටිය,புருல்லபிடிய,126/2
53,67,1381,1-2-15-335,335,Mathammana,මතම්මන,மாதம்மன,116
53,68,1382,1-2-15-340,340,Weediyawatta East,වීදියවත්ත නැගෙනහිර,வீதியவத்த கிழக்கு,130
53,69,1383,1-2-15-345,345,Goigama,ගොයිගම,கொய்கம,131/5
53,70,1384,1-2-15-350,350,Ihala Udugampola,ඉහළ උඩුගම්පොල,இஹல உடுகம்பொல,131/4
53,71,1385,1-2-15-355,355,Pethiyagoda South,පෙතියාගොඩ දකුණ,பெதியாகொட தெற்கு,108/1
53,72,1386,1-2-15-360,360,Korase,කොරසෙ,கொர‍சே,111
53,73,1387,1-2-15-365,365,Korase Meda,කොරසෙ මැද,மத்திய கொர‍சே,111/1
53,74,1388,1-2-15-370,370,Marapola,මාරපොල,மாரபொல,129
53,75,1389,1-2-15-375,375,Vigoda,වීගොඩ,வீகொட,128
53,76,1390,1-2-15-380,380,Doranagoda East,දොරණගොඩ නැගෙනහිර,தொரணகொட கிழக்கு,110/1
53,77,1391,1-2-15-385,385,Korase East,කොරසෙ නැගෙනහිර,கொர‍சே கிழக்கு,111/2
53,78,1392,1-2-15-390,390,Doranagoda North,දොරණගොඩ උතුර,தொரணகொட வடக்கு,110
53,79,1393,1-2-15-395,395,Doranagoda West,දොරණගොඩ බටහිර,தொரணகொட ‍மேற்கு,110/2
53,80,1394,1-2-15-400,400,Pahala Udugampola East,පහළ උඩුගම්පොල නැගෙනහිර,பஹல உடுகம்பொல கிழக்கு,131/1
53,81,1395,1-2-15-405,405,Pahala Udugampola North,පහළ උඩුගම්පල උතුර,பஹல உடுகம்பொல வடக்கு,131
53,82,1396,1-2-15-410,410,Pahala Udugampola West,පහළ උඩුගම්පොල බටහිර,பஹல உடுகம்பொல ‍மேற்கு,131/3
53,83,1397,1-2-15-415,415,Weediyawatta West,වීදියවත්ත බටහිර,வீதியவத்த மேற்கு,130/1
53,84,1398,1-2-15-420,420,Welhena,වැල්හේන,வெல்‍‍ஹேண,117
53,85,1399,1-2-15-425,425,Weliya,වෑලිය,வெலிய,117/1
53,86,1400,1-2-15-430,430,Paththaduwana,පත්තඬුවන,பத்தடுவன,118
53,87,1401,1-2-15-435,435,Paththaduwana West,පත්තඬුවන බටහිර,பத்தடுவன மேற்கு,118/1
53,88,1402,1-2-15-440,440,Yagodamulla North,යාගොඩමුල්ල උතුර,‍‍யாகொடமுல்ல வடக்கு,119/3
53,89,1403,1-2-15-445,445,Yagodamulla,යාගොඩමුල්ල,யாகொடமுல்ல,119/2
53,90,1404,1-2-15-450,450,Uggalboda West,උග්ගල්බඩ බටහිර,உக்கல்பொட ‍மேற்கு,140/3
53,91,1405,1-2-15-455,455,Uggalboda,උග්ගල්බඩ,உக்கல்பொட,140/2
53,92,1406,1-2-15-460,460,Kehelbaddara West,කෙහෙල්බද්දර බටහිර,கெஹெல்பத்தர ‍மேற்கு,140/1
53,93,1407,1-2-15-465,465,Kehelbaddara East,කෙහෙල්බද්දර නැගෙනහිර,கெஹெல்பத்தர கிழக்கு,140
53,94,1408,1-2-15-470,470,Pahala Udugampola South,පහළ උඩුගම්පොල දකුණ,பஹல உடுகம்பொல தெற்கு,131/2
53,95,1409,1-2-15-475,475,Asgiriwalpola North,අස්ගිරිවල්පොල උතුර,அஸ்கிரிவல்பொல வடக்கு,135
53,96,1410,1-2-15-480,480,Dombawela,දොඹවල,தொம்பவெல,132
53,97,1411,1-2-15-485,485,Pedipola,පේඩිපොල,பேடிபொல,133/1
53,98,1412,1-2-15-490,490,Doranagoda South,දොරණගොඩ දකුණ,தொரணகொட தெற்கு,110/3
53,99,1413,1-2-15-495,495,Wathumulla,වතුමුල්ල,வதுமுல்ல,133
53,100,1414,1-2-15-500,500,Asgiriya North,අස්ගිරිය උතුර,அஸ்கிரிய வடக்கு,134/1
53,101,1415,1-2-15-505,505,Asgiriya South,අස්ගිරිය දකුණ,அஸ்கிரிய தெற்கு,134/2
53,102,1416,1-2-15-510,510,Asgiriya,අස්ගිරිය,அஸ்கிரிய,134
53,103,1417,1-2-15-515,515,Asgiriya West,අස්ගිරිය බටහිර,அஸ்கிரிய ‍மேற்கு,134/3
53,104,1418,1-2-15-520,520,Asgiriwalpola South,අස්ගිරිය දකුණ,அஸ்கிரிவல்பொல தெற்கு,135/1
53,105,1419,1-2-15-525,525,Asgiriwalpola West,අස්ගිරිවල්පොල බටහිර,அஸ்கிரிவல்பொல ‍மேற்கு,135/2
53,106,1420,1-2-15-530,530,Madelgamuwa East,මදෙල්ගමුව නැගෙනහිර,மதெல்கமுவ கிழக்கு,137
53,107,1421,1-2-15-535,535,Batapotha,බටපොත,படபொத,137/2
53,108,1422,1-2-15-540,540,Nedagamuwa North,නැදගමුව උතුර,நெதகமுவ வடக்கு,139/1
53,109,1423,1-2-15-545,545,Nedagamuwa South,නැදගමුව දකුණ,நெதகமுவ தெற்கு,139
53,110,1424,1-2-15-550,550,Nedagamuwa West,නැදගමුව බටහිර,நெதகமுவ ‍மேற்கு,139/2
53,111,1425,1-2-15-555,555,Arachchiwatta,ආරච්චිවත්ත,ஆரச்சிவத்த,139/3
53,112,1426,1-2-15-560,560,Yagodamulla South,යාගොඩමුල්ල දකුණ,‍‍யாகொடமுல்ல தெற்கு,119/4
53,113,1427,1-2-15-565,565,Samurdhigama,සමෘද්ධිගම,சமூர்த்தி கம,119/6
53,114,1428,1-2-15-570,570,Opatha,ඕපාත,ஓப்பாத்த,119/5
53,115,1429,1-2-15-575,575,Kotugoda2,කොටුගොඩ 2,கொடுகொட2,119/1
53,116,1430,1-2-15-580,580,Kotugoda1,කොටුගොඩ 1,கொடுகொட1,119
53,117,1431,1-2-15-585,585,Maduruwita,මැදුරුවිට,மதுருவிட,138/1
53,118,1432,1-2-15-590,590,Siyambalapitiya,සියඹලාපිටිය,சியம்பலாபிடிய,138
53,119,1433,1-2-15-595,595,Madelgamuwa West,මාදෙල්ගමුව බටහිර,மதெல்கமுவ ‍மேற்கு,137/1
53,120,1434,1-2-15-600,600,Thammita West,තම්මිට බටහිර,தம்மிட ‍மேற்கு,136/1
53,121,1435,1-2-15-605,605,Thammita,තම්මිට,தம்மிட,136
54,1,1436,1-2-18-005,005,Pamunugama,පමුණුගම,பமுணுகம,164
54,2,1437,1-2-18-010,010,Maha Pamunugama,මහ පමුණුගම,மஹா பமுணுகம,164A
54,3,1438,1-2-18-015,015,West of Delathura,දෑලතුර බටහිර,தெலதுர ‍மேற்கு,193
54,4,1439,1-2-18-020,020,East of Delathura,දෑලතුර නැගෙනහිර,தெலதுர கிழக்கு,193A
54,5,1440,1-2-18-025,025,Bopitiyathuduwa,බෝපිටියතුඩුව,‍‍போபிட்டியதுடுவ,165A
54,6,1441,1-2-18-030,030,Bopitiya,බෝපිටිය,போப்பிடிய,165
54,7,1442,1-2-18-035,035,Pulluhena,පුල්ලුහේන,புல்லு‍ஹேன,165B
54,8,1443,1-2-18-040,040,Paranambalama,පරනම්බලම,பரனம்பலம,167A
54,9,1444,1-2-18-045,045,Nugape,නුගපේ,நுக‍பே,166
54,10,1445,1-2-18-050,050,Kunjawaththa,කුංජාවත්ත,குங்ஜாவத்தை,166A
54,11,1446,1-2-18-055,055,Magulpokuna,මගුල් පොකුණ,மகுல்பொகுண,182A
54,12,1447,1-2-18-060,060,Elehiwaththa,ඇලෙහිවත්ත,எலெஹிவத்தை,182B
54,13,1448,1-2-18-065,065,Welisara,වැලිසර,வெலிசர,182
54,14,1449,1-2-18-070,070,Pattiyawala,පට්ටියවල,பட்டியவல,167B
54,15,1450,1-2-18-075,075,Uswetakeiyawa,උස්වැටකෙයියාව,உஸ்வெடகெய்யாவ,167
54,16,1451,1-2-18-080,080,Mahabage,මහබාගේ,மஹபா‍‍கே,178
54,17,1452,1-2-18-085,085,Elapitiwala,ඇලපිටිවල,எலபிட்டிவல,179
54,18,1453,1-2-18-090,090,Horapethuduwa,හොරපෙතුඩුව,ஹொற‍பேதுடுவ,180A
54,19,1454,1-2-18-095,095,Horape,හොරපෙ,ஹொரபே,180
54,20,1455,1-2-18-100,100,North of Kurukualawa,කුරුකුලාව උතුර,குருகுவாலவ வடக்கு,250
54,21,1456,1-2-18-105,105,South of Kurukulawa,කුරුකුවාලව දකුණ,குருகுலாவ தெற்கு,250A
54,22,1457,1-2-18-110,110,Heenkenda,හීන්කෙන්ද,ஹீன்கெந்த,254
54,23,1458,1-2-18-115,115,Thuduwegedara,තුඩුවේගෙදර,துடுவேகெதர,254A
54,24,1459,1-2-18-120,120,Galudupita,ගල්උඩුපිට,கல்உடுபிட்ட,177B
54,25,1460,1-2-18-125,125,Maththumagala,මත්තුමගල,மத்துமகல,177
54,26,1461,1-2-18-130,130,Kernga Pokuna,කෙරඟ පොකුණ,கெரங்கபொகுண,177A
54,27,1462,1-2-18-135,135,Kerawalapitiya,කෙරවලපිටිය,கெரவலபிட்டிய,171
54,28,1463,1-2-18-140,140,Matagoda,මාටාගොඩ,மாடாகொட,171A
54,29,1464,1-2-18-145,145,Balagala,බලගල,பலகல,171B
54,30,1465,1-2-18-150,150,Dikovita,දික්ඕවිට,திக்கோவிட்ட,168B
54,31,1466,1-2-18-155,155,Palliyawatta North,පල්ලියවත්ත උතුර,பள்ளியவத்தை வடக்கு,168A
54,32,1467,1-2-18-160,160,Elakanda,එලකන්ද,எலகந்த,170A
54,33,1468,1-2-18-165,165,North of Nayaka Kanda,නායකකන්ද උතුර,நாயக்ககந்த வடக்கு,172B
54,34,1469,1-2-18-170,170,Mabola,මාබෝල,மா‍போல,176A
54,35,1470,1-2-18-175,175,Welikadamulla,වැලිකඩමුල්ල,வெலிகடமுல்ல,176C
54,36,1471,1-2-18-180,180,Wattala,වත්තල,வத்த‍ளை,176
54,37,1472,1-2-18-185,185,Hendala North,හැඳල උතුර,ஹெந்த‍ல வடக்கு,172A
54,38,1473,1-2-18-190,190,Hendala South,හැඳල දකුණ,ஹெந்த‍ல தெற்கு,172
54,39,1474,1-2-18-195,195,Nayak Kanda South,නායකකන්ද දකුණ,நாயக்ககந்த தெற்கு,172C
54,40,1475,1-2-18-200,200,Thimbirigasyaya,තිඹිරිගස්යාය,திம்பிரிகஸ்யாய,170
54,41,1476,1-2-18-205,205,Palliyawatta South,පල්ලියවත්ත දකුණ,பள்ளியவத்தை தெற்கு,168
54,42,1477,1-2-18-210,210,Kurunduhena,කුරුඳුහේන,குருந்து‍ஹேன,169A
54,43,1478,1-2-18-215,215,Evariwatta,ඇවරිවත්ත,எவரிவத்தை,175A
54,44,1479,1-2-18-220,220,Thelagapatha,තෙලගපාත,தெலங்கபாத,175
54,45,1480,1-2-18-225,225,Galwetiya,ගල්වැටිය,கல்வெடிய,176B
54,46,1481,1-2-18-230,230,Hekiththa,හේකිත්ත,‍‍ஹேகித்த,169
55,1,1482,1-2-21-005,005,Mahawatta,මහවත්ත,மஹவத்தை,205B
55,2,1483,1-2-21-010,010,Dandugama,දඬුගම,தடுகம,194
55,3,1484,1-2-21-015,015,Dehiyagatha North,දෙහියගත උතුර,தெஹியகத வடக்கு,194B
55,4,1485,1-2-21-020,020,Kudahakapola North,කුඩහකහපොල උතුර,குடஹகபொல வடக்கு,196
55,5,1486,1-2-21-025,025,Gallawatta,ගලවත්ත,கல்லவத்த,205A
55,6,1487,1-2-21-030,030,Ekala,ඒකල,ஏக்க‍லை,206
55,7,1488,1-2-21-035,035,Dehiyagatha South,දෙහියගත දකුණ,தெஹியகத தெற்கு,194A
55,8,1489,1-2-21-040,040,Kudahakapola South,කුඩහකහපොල දකුණ,குடஹகபொல தெற்கு,195
55,9,1490,1-2-21-045,045,Ekala Kurunduwatta,ඒකල කුරුඳුවත්ත,ஏக்க‍லை குருந்துவத்த,205
55,10,1491,1-2-21-050,050,Vishaka Watta,විශාකා වත්ත,விஷாக்கா வத்த,206B
55,11,1492,1-2-21-055,055,Thudella North,තුඩැල්ල උතුර,துடெல்ல வடக்கு,192B
55,12,1493,1-2-21-060,060,Thudella West,තුඩැල්ල බටහිර,துடெல்ல ‍மேற்கு,192
55,13,1494,1-2-21-065,065,Thudella South,තුඩැල්ල දකුණ,துடெல்ல தெற்கு,192A
55,14,1495,1-2-21-070,070,Kanuwana,කනුවන,கணுவாண,191
55,15,1496,1-2-21-075,075,Alexendrawatta,ඇලෙක්සැන්ඩ්‍රා වත්ත,எலெக்‍சான்டர் வத்த,206A
55,16,1497,1-2-21-080,080,Bandigoda,බණ්ඩිගොඩ,பண்டிகொட,211B
55,17,1498,1-2-21-085,085,Yakkaduwa,යක්කඩුව,யக்கடுவ,207A
55,18,1499,1-2-21-090,090,Niwandama North,නිවන්දම උතුර,நிவந்தம வடக்கு,207
55,19,1500,1-2-21-095,095,Niwandama South,නිවන්දම දකුණ,நிவந்தம தெற்கு,207B
55,20,1501,1-2-21-100,100,Batagama North,බටගම උතුර,பட்டகம வடக்கு,211
55,21,1502,1-2-21-105,105,Maeliya,මාඑළිය,மாஎலிய,190B
55,22,1503,1-2-21-110,110,Ja-Ela,ජා-ඇල,ஜா-எல,191A
55,23,1504,1-2-21-115,115,Weligampitiya North,වැලිගම්පිටිය උතුර,வெலிகம்பிட்டிய வடக்கு,190A
55,24,1505,1-2-21-120,120,Indipitiya,ඉඳිපිටිය,இந்திபிட்டிய,190E
55,25,1506,1-2-21-125,125,Wewala,වේවැල,‍வேவல,189
55,26,1507,1-2-21-130,130,Weligampitiya South,වැලිගම්පිටිය දකුණ,வெலிகம்பிட்டிய தெற்கு,190
55,27,1508,1-2-21-135,135,Thumpeliya,තුම්පෑලිය,தும்பெலிய,190D
55,28,1509,1-2-21-140,140,Indiminna,ඉඳිමින්න,இந்திமிண்ண,211A
55,29,1510,1-2-21-145,145,Dolahena,දොලහේන,தொல‍ஹேண,185D
55,30,1511,1-2-21-150,150,Hapugoda West,හපුගොඩ බටහිර,ஹப்புகொட ‍மேற்கு,185A
55,31,1512,1-2-21-155,155,Kapuwatta,කපුවත්ත,கபுவத்த,190C
55,32,1513,1-2-21-160,160,Kalaeliya,කලඑළිය,கலாஎலிய,188
55,33,1514,1-2-21-165,165,Nedurupitiya,නැදුරුපිටිය,நெதுருபிட்டிய,187
55,34,1515,1-2-21-170,170,Rilavulla,රිළවුල්ල,ரிலவுல்ல,186
55,35,1516,1-2-21-175,175,Kandana East,කඳාන නැගෙනහිර,கந்தா‍‍னை கிழக்கு,184C
55,36,1517,1-2-21-180,180,Kandana West,කඳාන බටහිර,கந்தா‍‍னை மேற்கு,184
55,37,1518,1-2-21-185,185,Uswatta,උස්වත්ත,உஸ்வத்த,184B
55,38,1519,1-2-21-190,190,Hapugoda Central,හපුගොඩ මධ්‍යම,மத்திய ஹப்புகொட,185C
55,39,1520,1-2-21-195,195,Batagama South,බටගම දකුණ,பட்டகம தெற்கு,185
55,40,1521,1-2-21-200,200,Polpitimookalana,පොල්පිටිමූකලාන,பொல்பிட்டிமூகலான,212A
55,41,1522,1-2-21-205,205,Batuwatta West,බටුවත්ත බටහිර,பட்டுவத்த மேற்கு,213
55,42,1523,1-2-21-210,210,Batuwatta East,බටුවත්ත නැගෙනහිර,பட்டுவத்த கிழக்கு,213A
55,43,1524,1-2-21-215,215,Walpola East,වල්පොල නැගෙනහිර,வல்பொல கிழக்கு,212B
55,44,1525,1-2-21-220,220,Jayasrigama,ජයශ්‍රීගම,ஜயஸ்ரீகம,181A
55,45,1526,1-2-21-225,225,Hapugoda East,හපුගොඩ නැගෙනහිර,ஹப்புகொட கிழக்கு,185B
55,46,1527,1-2-21-230,230,Nagoda,නාගොඩ,நாகொட,183
55,47,1528,1-2-21-235,235,Jayasamarugama,ජයසමරුගම,ஜயசமருகம,184A
55,48,1529,1-2-21-240,240,Peralanda,පේරලන්ද,‍பேரலந்த,181D
55,49,1530,1-2-21-245,245,Podiveekumbura,පොඩිවීකුඹුර,பொடிவீகும்புர,181E
55,50,1531,1-2-21-250,250,Walpola West,වල්පොල බටහිර,வல்பொல மேற்கு,212
55,51,1532,1-2-21-255,255,Narangodapaluwa West,නාරන්ගොඩපාලුව බටහිර,நாரங்கொடபாலுவ மேற்கு,214
55,52,1533,1-2-21-260,260,Narangodapaluwa East,නාරන්ගොඩපලුව නැගෙනහිර,நாரங்கொடபாலுவ கிழக்கு,214A
55,53,1534,1-2-21-265,265,Thewatta,තේවත්ත,‍‍தேவத்த,181B
55,54,1535,1-2-21-270,270,Ragama,රාගම,ராகம,181
55,55,1536,1-2-21-275,275,Ketagewatta,කැටගේවත්ත,கெட்ட‍கேவத்த,181F
55,56,1537,1-2-21-280,280,Dambuwa,දඹුව,தம்பூவ,181G
55,57,1538,1-2-21-285,285,Rampitiya,රම්පිටිය,ரம்பிட்டிய,181C
56,1,1539,1-2-24-005,005,Makevita North,මාකේවිට උතුර,மாகெவிட்ட வடக்கு,218
56,2,1540,1-2-24-010,010,Makevita South,මාකේවිට දකුණ,மாகெவிட தெற்கு,218A
56,3,1541,1-2-24-015,015,Mabima,මාබිම,மாபிம,217
56,4,1542,1-2-24-020,020,Gonagaha2,ගෝනගහ 2,‍கோணகஹ2,219A
56,5,1543,1-2-24-025,025,Welikada,වැලිකඩ,வெலிகட,217A
56,6,1544,1-2-24-030,030,Gonagaha1,ගෝනගහ 1,கோணகஹ1,219
56,7,1545,1-2-24-035,035,Ambanvita,අඹන්විට,அம்பண்விட்ட,220A
56,8,1546,1-2-24-040,040,Kirindivita,කිරිඳිවිට,கிரிந்திவிட,220
56,9,1547,1-2-24-045,045,Akaravita,අකරවිට,அகரவிட்ட,222B
56,10,1548,1-2-24-050,050,Pahalagama,පහළගම,பஹலகம,222
56,11,1549,1-2-24-055,055,Medagama 2,මැදගම 2,மெதகம 2,223A
56,12,1550,1-2-24-060,060,Ihalagama West,ඉහළගම බටහිර,இஹலகம ‍மேற்கு,224
56,13,1551,1-2-24-065,065,Ihalagama East,ඉහළගම නැගෙනහිර,இஹலகம கிழக்கு,224A
56,14,1552,1-2-24-070,070,Gampaha Aluthgama North,ගම්පහ අළුත්ගම උතුර,கம்பஹா அலுத்கம வடக்கு,225A
56,15,1553,1-2-24-075,075,Karanayakamulla,කරනායකමුල්ල,கரனாயகமுல்ல,226A
56,16,1554,1-2-24-080,080,Baduwathugoda,බදුවතුගොඩ,பதுவதுகொடை,226
56,17,1555,1-2-24-085,085,Boraliyawatha,බොරලියවත,பொரலியாவத்தை,228
56,18,1556,1-2-24-090,090,Thittalapitigoda,තිත්තලපිටිගොඩ,தித்தலபிட்டிகொடை,228A
56,19,1557,1-2-24-095,095,Aluthgama Bogamuwa North,අලුත්ගම බෝගමුව උතුර,அலுத்கம ‍போகமுவ,229
56,20,1558,1-2-24-100,100,Aluthgama Bogamuwa South,අලුත්ගම ‍බෝගමුව දකුණ,இஹல இபுல்கொட தெற்கு,229A
56,21,1559,1-2-24-105,105,Mahipalagoda,මහීපාලගොඩ,மஹீபாலகொடை,230
56,22,1560,1-2-24-110,110,Morenna,මොරැන්න,‍‍மோரெண்ண,230A
56,23,1561,1-2-24-115,115,Weediyawatta,වීදියවත්ත,வீதியவத்தை,230B
56,24,1562,1-2-24-120,120,Keselwathugoda North,කෙසෙල්වතුගොඩ උතුර,கெசெல்வதுகொடை வடக்கு,227
56,25,1563,1-2-24-125,125,Indigolla,ඉඳිගොල්ල,இந்திகொல்ல,225C
56,26,1564,1-2-24-130,130,Gampaha Aluthgama West,ගම්පහ අලුත්ගම බටහිර,ஸ்ரீமலுயன/பன்டாரநாயககபுர,225
56,27,1565,1-2-24-135,135,Bendiyamulla North,බැණ්ඩියමුල්ල උතුර,பெண்டியமுல்ல வடக்கு,234
56,28,1566,1-2-24-140,140,Medagama 4,මැදගම 4,மெதகம 4,223C
56,29,1567,1-2-24-145,145,Medagama 3,මැදගම 3,மெதகம 3,223B
56,30,1568,1-2-24-150,150,Medagama 1,මැදගම 1,மெதகம 1,223
56,31,1569,1-2-24-155,155,Oruthota South,ඔරුතොට දකුණ,ஒருதொட்ட தெற்கு,235A
56,32,1570,1-2-24-160,160,Kosovita,කොස්ඕවිට,கொ‍சோவிட்ட,222A
56,33,1571,1-2-24-165,165,Rathmalavita,රත්මලවිට,ரத்மலவிட்ட,221A
56,34,1572,1-2-24-170,170,Makilangamuwa,මාකිලන්ගමුව,மாகிலங்கமுவ,221
56,35,1573,1-2-24-175,175,Horagolla North,හොරගොල්ල උතුර,ஹொரகொல்ல வடக்கு,216
56,36,1574,1-2-24-180,180,Thibbotugoda,තිබ්බොටු‍‍ගොඩ,திப்பொடுகொடை,216B
56,37,1575,1-2-24-185,185,Midellavita,මිදෙල්ලවිට,மிதெல்லவிட்ட,208
56,38,1576,1-2-24-190,190,Kudabollatha,කුඩා බොල්ලත,குடாபொல்லத,209A
56,39,1577,1-2-24-195,195,Bollatha North,බොල්ලත උතුර,பொல்லத வடக்கு,209
56,40,1578,1-2-24-200,200,Wewel Agara,වේවැල් අගාර,‍‍வேவெல் அகார,209D
56,41,1579,1-2-24-205,205,Bollatha West,බොල්ලත බටහිර,பொல்லத ‍மேற்கு,209C
56,42,1580,1-2-24-210,210,Bollatha South,බොල්ලත දකුණ,பொல்லத தெற்க்கு,209B
56,43,1581,1-2-24-215,215,Bulugahagoda West,බුළුගහගොඩ බටහිර,புலுகஹகொடை மேற்கு,210A
56,44,1582,1-2-24-220,220,Bulugahagoda East,බුළුගහගොඩ නැගෙනහිර,புலுகஹகொட கிழக்கு,210
56,45,1583,1-2-24-225,225,Galahitiyawa North,ගලහිටියාව උතුර,கலஹிடியாவ வடக்கு,215
56,46,1584,1-2-24-230,230,Horagolla South,හොරගොල්ල දකුණ,ஹொரகொல்ல தெற்கு,216A
56,47,1585,1-2-24-235,235,Neduna,නැදුන,நெதுன,236C
56,48,1586,1-2-24-240,240,Pahalayagoda,පහළයාගොඩ,பஹல யாகொட,236
56,49,1587,1-2-24-245,245,Oruthota North,ඔරුතොට උතුර,ஒருதொட்ட வடக்கு,235
56,50,1588,1-2-24-250,250,Moragoda1,මොරගොඩ 1,மொராகொட1,233
56,51,1589,1-2-24-255,255,Bendiyamulla West,බැණ්ඩියමුල්ල බටහිර,பெண்டியமுல்ல மேற்கு,234B
56,52,1590,1-2-24-260,260,Kidagammulla,කිඩගම්මුල්ල,கிடகம்முள்ள,234C
56,53,1591,1-2-24-265,265,Bendiyamulla East,බැණ්ඩියමුල්ල නැගෙනහිර,பெண்டியமுல்ல கிழக்கு,234A
56,54,1592,1-2-24-270,270,Gampaha Aluthgama East,ගම්පහ අළුත්ගම නැගෙනහිර,கம்பஹா அலுத்கம கிழக்கு,225B
56,55,1593,1-2-24-275,275,Keselwathugoda South,කෙසෙල්වතුගොඩ දකුණ,கெசெல்வதுகொடை தெற்கு,227A
56,56,1594,1-2-24-280,280,Yakkala North,යක්කල උතුර,யக்க‍லை வடக்கு,231
56,57,1595,1-2-24-285,285,Galthotamulla,ගල්තොටමුල්ල,கல்தொடமுல்ல,230C
56,58,1596,1-2-24-290,290,Yakkala West,යක්කල බටහිර,யக்க‍லை மேற்கு,231A
56,59,1597,1-2-24-295,295,Pepolgahadeniya,පැපොල්ගහදෙනිය,பெப்பொல்கஹதெனிய,231B
56,60,1598,1-2-24-300,300,Yakkala East,යක්කල නැගෙනහිර,யக்க‍லை கிழக்கு,231D
56,61,1599,1-2-24-305,305,Yakkala South,යක්කල දකුණ,யக்க‍லை தெற்கு,231C
56,62,1600,1-2-24-310,310,Henarathgoda,හෙනරත්ගොඩ,ஹெனரத்கொட,232
56,63,1601,1-2-24-315,315,Mudungoda West,මුදුන්ගොඩ බටහිර,முதுன்கொடை மேற்கு,232D
56,64,1602,1-2-24-320,320,Moragoda 2,මොරගොඩ 2,மொராகொடை 2,233A
56,65,1603,1-2-24-325,325,Ihala Yagoda North,ඉහළ යාගොඩ උතුර,இஹல யாகொடை வடக்கு,235B
56,66,1604,1-2-24-330,330,Mahena,මාහේන,மா‍ஹேன,236A
56,67,1605,1-2-24-335,335,Ganemulla South,ගණේමුල්ල දකුණ,க‍னேமுல்ல தெற்கு,236D
56,68,1606,1-2-24-340,340,Ganemulla North,ගණේමුල්ල උතුර,க‍னேமுல்ல வடக்கு,236B
56,69,1607,1-2-24-345,345,Galahitiyawa East,ගලහිටියාව නැගෙනහිර,கலஹிட்டியாவ கிழக்கு,215B
56,70,1608,1-2-24-350,350,Galahitiyawa South,ගලහිටියාව දකුණ,கலஹிட்டியாவ தெற்கு,215A
56,71,1609,1-2-24-355,355,Kossinna East,කොස්සින්න නැගෙනහිර,கொஸ்சின்ன கிழக்கு,237
56,72,1610,1-2-24-360,360,Amunugoda North,අමුණුගොඩ උතුර,அமுணுகொடை வடக்கு,238
56,73,1611,1-2-24-365,365,Ihala Yagoda South,ඉහළ යාගොඩ දකුණ,இஹல யாகொடை தெற்கு,235C
56,74,1612,1-2-24-370,370,Mudungoda South,මුදුන්ගොඩ දකුණ,முதுன்கொடை தெற்கு,232C
56,75,1613,1-2-24-375,375,Mudungoda North,මුදුන්ගොඩ උතුර,முதுன்கொடை வடக்கு,232B
56,76,1614,1-2-24-380,380,Godagedara,ගොඩගෙදර,கொடகெதர,232A
56,77,1615,1-2-24-385,385,Rathupaswala,රතුපස්වල,ரதுபஸ்வல,239A
56,78,1616,1-2-24-390,390,Galloluwa,ගල්ලොලුව,கல்லொலுவ,239B
56,79,1617,1-2-24-395,395,Belummahara,බැලුම්මහර,பெலும்மஹர,239
56,80,1618,1-2-24-400,400,Ihala Imbulgoda North,ඉහළ ඉඹුල්ගොඩ උතුර,இஹல இபுல்கொடை வடக்கு,240
56,81,1619,1-2-24-405,405,Ihala Imbulgoda South,ඉහළ ඉඹුල්ගොඩ දකුණ,இஹல இம்புல்கொடை தெற்கு,240A
56,82,1620,1-2-24-410,410,Pahala Imbulgoda South,පහළ ඉඹුල්ගොඩ දකුණ,பஹல இபுல்கொடை தெற்கு,243B
56,83,1621,1-2-24-415,415,Pahala Imbulgoda West,පහළ ඉඹුල්ගොඩ බටහිර,பஹல இம்புல்கொட மேற்கு,243A
56,84,1622,1-2-24-420,420,Amunugoda South,අමුණුගොඩ දකුණ,அமுணுகொடை தெற்கு,238A
56,85,1623,1-2-24-425,425,Parakandeniya North1,පරකන්දෙනිය උතුර 1,பரகந்தெனிய வடக்கு1,244A
56,86,1624,1-2-24-430,430,Kossinna West1,කොස්සින්න බටහිර 1,கொஸ்சின்ன மேற்கு1,237A
56,87,1625,1-2-24-435,435,Katuwalamulla North,කටුවාලමුල්ල උතුර,கடுவலமுல்ல வடக்கு,244C
56,88,1626,1-2-24-440,440,Kossinna West2,කොස්සින්න බටහිර 2,கொஸ்சின்ன மேற்கு2,237B
56,89,1627,1-2-24-445,445,Katuwalamulla South,කටුවාලමුල්ල දකුණ,கடுவாலமுல்ல தெற்கு,244D
56,90,1628,1-2-24-450,450,Parakandeniya North2,පරකන්දෙනිය උතුර 2,பரகந்தெனிய வடக்கு2,244B
56,91,1629,1-2-24-455,455,Parakandeniya South,පරකන්දෙනිය දකුණ,பரகந்தெனிய,244
56,92,1630,1-2-24-460,460,Pahala Imbulgoda East,පහළ ඉඹුල්ගොඩ නැගෙනහිර,பஹல இபுல்கொடை கிழக்கு,243
56,93,1631,1-2-24-465,465,Embaraluwa North 2,ඇඹරළුව උතුර 2,எம்பரலுவ வடக்கு 2,242A
56,94,1632,1-2-24-470,470,Embaraluwa North 1,ඇඹරළුව උතුර 1,எம்பரலுவ வடக்கு 1,242
56,95,1633,1-2-24-475,475,Weliweriya West,වැලිවේරිය බටහිර,வெலி‍வேரிய மேற்கு,240B
56,96,1634,1-2-24-480,480,Nedungamuwa,නැදුන්ගමුව,நெதுன்கமுவ,241
56,97,1635,1-2-24-485,485,Weliweriya East,වැලිවේරිය නැගෙනහිර,வெலி‍வேரிய கிழக்கு,241A
56,98,1636,1-2-24-490,490,Weliweriya North,වැලිවේරිය උතුර,வெலி‍வேரிய வடக்கு,241B
56,99,1637,1-2-24-495,495,Weliweriya South,වැලිවේරිය දකුණ,வெலி‍வேரிய தெற்கு,241C
56,100,1638,1-2-24-500,500,Embaraluwa South1,ඇඹරළුව දකුණ 1,எபரெலுவ தெற்கு 1,242B
56,101,1639,1-2-24-505,505,Embaraluwa South 2,ඇඹරළුව දකුණ 2,எபரெலுவ தெற்கு 2,242C
57,1,1640,1-2-27-005,005,Eluwapitiya West,එළුවපිටිය බටහිර,எலுவபிட்டிய ‍மேற்கு,333/A
57,2,1641,1-2-27-010,010,Eluwapitiya,එළුවපිටිය,எலுவபிட்டிய,333
57,3,1642,1-2-27-015,015,Hiripitiya West,හිරිපිටිය බටහිර,ஹிரிபிட்டிய மேற்கு,329D
57,4,1643,1-2-27-020,020,Hiripitiya North,හිරිපිටිය උතුර,ஹிரிபிட்டிய வடக்கு,329
57,5,1644,1-2-27-025,025,Hiripitiya Central,හිරිපිටිය මධ්‍යම,மத்திய ஹிரிபிட்டிய,329C
57,6,1645,1-2-27-030,030,Hiripitiya East,හිරිපිටිය නැගෙනහිර,ஹிரிபிட்டிய கிழக்கு,329B
57,7,1646,1-2-27-035,035,Thalgasmote West,තල්ගස්මොටේ බටහිර,தல்கஸ்மொ‍தே மேற்கு,328/E
57,8,1647,1-2-27-040,040,Thalgasmote,තල්ගස්මොටේ,தல்கஸ்மொ‍டே,328A
57,9,1648,1-2-27-045,045,Thalgasmote East,තල්ගස්මොටේ නැගෙනහිර,தல்கஸ்மொ‍டே கிழக்கு,328/D
57,10,1649,1-2-27-050,050,Udammita,උදම්මිට,உதம்மிட்டே,347
57,11,1650,1-2-27-055,055,Humbutiyawa West,හුඹුටියාව බටහිර,ஹும்புட்டியாவ மேற்கு,347C
57,12,1651,1-2-27-060,060,Humbutiyawa,හුඹුටියාව,ஹும்புட்டியாவ,347A
57,13,1652,1-2-27-065,065,Parana Veyangoda,පරණ වේයන්ගොඩ,பழைய வெயங்கொட,346
57,14,1653,1-2-27-070,070,Kongasdeniya,කෝන්ගස්දෙනිය,‍‍கோங்கஸ்தெனிய,346A
57,15,1654,1-2-27-075,075,Wedagama,වෙදගම,வெதகம,343/A
57,16,1655,1-2-27-080,080,Kalalpitiya,කලල්පිටිය,கலல்பிட்டிய,343
57,17,1656,1-2-27-085,085,Nawagamuwa,නවගමුව,நவகமுவ,343B
57,18,1657,1-2-27-090,090,Napagoda,නාපගොඩ,நாப்பகொட,345
57,19,1658,1-2-27-095,095,Nittambuwa South,නිට්ටඹුව දකුණ,நிட்டம்புவ தெற்கு,348A
57,20,1659,1-2-27-100,100,Nittambuwa North,නිට්ටඹුව උතුර,நிட்டம்புவ வடக்கு,348
57,21,1660,1-2-27-105,105,Nittambuwa East,නිට්ටඹුව නැගෙනහිර,நிட்டம்புவ கிழக்கு,348/F
57,22,1661,1-2-27-110,110,Kolawatta,කොලවත්ත,‍‍கோலவத்த,347B
57,23,1662,1-2-27-115,115,Pattalagedara East,පත්තලගෙදර නැගෙනහිර,பத்தலகெதர கிழக்கு,328/B
57,24,1663,1-2-27-120,120,Pattalagedara,පත්තලගෙදර,பத்தலகெதர,328
57,25,1664,1-2-27-125,125,Hiripitiya South,හිරිපිටිය දකුණ,ஹிரிபிட்டிய தெற்கு,329A
57,26,1665,1-2-27-130,130,Wataddara,වටද්දර,வடத்தார,332
57,27,1666,1-2-27-135,135,Wataddara West,වටද්දර බටහිර,வடத்தார ‍மேற்கு,332/B
57,28,1667,1-2-27-140,140,Magalegoda,මගලෙගොඩ,மக‍லேகொட,331
57,29,1668,1-2-27-145,145,Magalegoda South,මගලෙගොඩ දකුණ,மாக‍லேகொட தெற்கு,331A
57,30,1669,1-2-27-150,150,Heendeniya,හීන්දෙනිය,ஹீன்தெனிய,330A
57,31,1670,1-2-27-155,155,Pattigoda,පට්ටිගොඩ,பட்டிகொட,330
57,32,1671,1-2-27-160,160,Wataddara South,වටද්දර දකුණ,வடத்தர தெற்கு,332/A
57,33,1672,1-2-27-165,165,Pahala Hiripitiya,පහළ හිරිපිටිය,பஹல ஹிரிபிட்டிய,329/E
57,34,1673,1-2-27-170,170,Danvilana,දන්විලාන,தன்விலான,328C
57,35,1674,1-2-27-175,175,Dadagamuwa East,දඩගමුව නැගෙනහිර,தடகமுவ கிழக்கு,327A
57,36,1675,1-2-27-180,180,Pinnagolla,පින්නගොල්ල,பிண்ணகொல்ல,348/I
57,37,1676,1-2-27-185,185,Egoda Nittambuwa,එගොඩ නිට්ටඹුව,எகொட நிட்டம்புவ,348/C
57,38,1677,1-2-27-190,190,Horagollagama,හොරගොල්ලගම,ஹொரகொல்லகம,348H
57,39,1678,1-2-27-195,195,Nambadaluwa West,නම්බාදළුව බටහිර,நம்பதலுவ மேற்கு,348/B
57,40,1679,1-2-27-200,200,Nambabaluwa East,නම්බාදළුව නැගෙනහිර,நம்பதலுவ கிழக்கு,348/G
57,41,1680,1-2-27-205,205,Ranpokunagama A Zone,රන්පොකුණගම ඒ කලාපය,ரன்பொகுணகம ஏ வலயம்,349A
57,42,1681,1-2-27-210,210,Ellakkala West,එල්ලක්කල බටහිර,எல்லக்கல மேற்கு,355/A
57,43,1682,1-2-27-215,215,Maimbula,මාඉඹුල,மாஇம்புல,350B
57,44,1683,1-2-27-220,220,Ranpokunagama E Zone,රන්පොකුණගම ඊ කලාපය,ரன்பொகுணகம E வலயம்,349F
57,45,1684,1-2-27-225,225,Ranpokunagama D Zone,රන්පොකුණගම ඩී කලාපය,ரன்பொகுணகம D வலயம்,349E
57,46,1685,1-2-27-230,230,Ranpokunagama C Zone,රන්පොකුණගම සී කලාපය,ரன்பொகுணகம C வலயம்,349D
57,47,1686,1-2-27-235,235,Ranpokunagama B Zone,රන්පොකුණගම බී කලාපය,ரன்பொகுணகம B வலயம்,349C
57,48,1687,1-2-27-240,240,Maduwegedara,මඩුවෙගෙදර,மடுவெகெதர,349
57,49,1688,1-2-27-245,245,Yatiyana,යටියන,யடியன,349/B
57,50,1689,1-2-27-250,250,Orchardwatta,ඕර්චඩ්වත්ත,ஓர்சாட்வத்தை,348/D
57,51,1690,1-2-27-255,255,Malwatta,මල්වත්ත,மல்வத்தை,348/E
57,52,1691,1-2-27-260,260,Thihariya North,තිහාරිය උතුර,திஹாரிய வடக்கு,318/C
57,53,1692,1-2-27-265,265,Katuwasgoda west,කටුවස්ගොඩ බටහිර,கட்டுவஸ்கொட மேற்கு,321B
57,54,1693,1-2-27-270,270,Katuwasgoda,කටුවස්ගොඩ,கடுவஸ்கொட,321A
57,55,1694,1-2-27-275,275,Dadagamuwa,දඩගමුව,தடகமுவ,327
57,56,1695,1-2-27-280,280,Mudagamuwa,මුඩගමුව,முடகமுவ,324A
57,57,1696,1-2-27-285,285,Bandarabatawala,බණ්ඩාරබටවල,பண்டாரபடவல,325A
57,58,1697,1-2-27-290,290,Pitiyegedara,පිටියෙගෙදර,பிடியேகெதர,325
57,59,1698,1-2-27-295,295,Daraluwa,දාරළුව,தாரலுவ,325B
57,60,1699,1-2-27-300,300,Bemmulla,බෙම්මුල්ල,பெம்முல்ல,324
57,61,1700,1-2-27-305,305,Kandaoluwawa,කන්දඔළුවැව,கந்தஒலுவாவ,326
57,62,1701,1-2-27-310,310,Raniswala,රනිස්වල,ரனிஸ்வல,323
57,63,1702,1-2-27-315,315,Sapugasthenna,සපුගස්තැන්න,சப்புகஸ்தென்ன,323A
57,64,1703,1-2-27-320,320,Thiriwanegama South,තිරිවානගම දකුණ,திரிவானகம தெற்கு,322/B
57,65,1704,1-2-27-325,325,Thiriwanegama North,තිරිවානගම උතුර,திரிவானகம வடக்கு,322A
57,66,1705,1-2-27-330,330,Halgampitiya,හලගම්පිටිය,கல்கம்பிட்டிய,322
57,67,1706,1-2-27-335,335,Kalagedihena,කලගෙඩිහේන,களகெடி‍ஹேண,321
57,68,1707,1-2-27-340,340,Thihariyagama,තිහාරියගම,திஹாரியகம,318/D
57,69,1708,1-2-27-345,345,Thihariya East,තිහාරිය නැගෙනහිර,திஹாரிய,318
57,70,1709,1-2-27-350,350,Kalotuwawa,කලෝටුවාව,கலோடுவாவ,319
57,71,1710,1-2-27-355,355,Kattota,කත්තොට,கத்தொட்ட,317
57,72,1711,1-2-27-360,360,Orchardwatta South,ඔර්චාර්ඩ්වත්ත දකුණ,ஓர்சாட்வத்தை தெற்கு,348/J
57,73,1712,1-2-27-365,365,Bogoda,බෝගොඩ,‍போகொட,316
57,74,1713,1-2-27-370,370,Mathalana West,මාතලාන බස්නාහිර,மாதலான மேற்கு,352D
57,75,1714,1-2-27-375,375,Wathupitiwala,වතුපිටිවල,வத்துபிடிவல,350/A
57,76,1715,1-2-27-380,380,Walpola,වල්පොල,வல்பொல,350
57,77,1716,1-2-27-385,385,Haggalla,හග්ගල්ල,ஹக்கல்ல,354
57,78,1717,1-2-27-390,390,Ellakkala,එල්ලක්කල,எல்லக்கல,355
57,79,1718,1-2-27-395,395,Godagama West,ගොඩගම බටහිර,கொடகம மேற்கு,361/A
57,80,1719,1-2-27-400,400,Godagama,ගොඩගම,கொடகம,361
57,81,1720,1-2-27-405,405,Welikadamulla,වැලිකඩමුල්ල,வெலிக்கடமுல்ல,363
57,82,1721,1-2-27-410,410,Karasnagala,කරස්නගල,கரஸ்னகல,365
57,83,1722,1-2-27-415,415,Alawala,අලවල,அலவள,364
57,84,1723,1-2-27-420,420,Ethaudakanda,ඇතාඋඩකන්ද,எத்தாஉடகந்த,364/B
57,85,1724,1-2-27-425,425,Alawala South,අලවල දකුණ,அலவள தெற்கு,364/A
57,86,1725,1-2-27-430,430,Nikahetikanda,නිකහැටිකන්ද,நிகஹெடிகந்த,365/A
57,87,1726,1-2-27-435,435,Karasnagala South,කරස්නාගල දකුණ,கரசன்கல தெற்கு,365C
57,88,1727,1-2-27-440,440,Palkumbura,පල්කුඹුර,பல்கும்புர,363A
57,89,1728,1-2-27-445,445,Pelpita,පැල්පිට,பெல்பிட,362
57,90,1729,1-2-27-450,450,Walaliyadda,වලලියද්ද,வலலியத்த,353/B
57,91,1730,1-2-27-455,455,Haggalla East,හග්ගල නැගෙනහිර,ஹக்கல கிழக்கு,354/A
57,92,1731,1-2-27-460,460,Diyakade,දියකඩේ,தியக‍டே,353A
57,93,1732,1-2-27-465,465,Welagedara,වෙලගෙදර,வெலகெதர,353
57,94,1733,1-2-27-470,470,Kamburagalla,කඹුරාගල්ල,கம்புறாகல்ல,352A
57,95,1734,1-2-27-475,475,Mathalana North,මාතලාන උතුර,மாதலான வடக்கு,352F
57,96,1735,1-2-27-480,480,Mathalana,මාතලාන,மாதலான,352
57,97,1736,1-2-27-485,485,Meewala,මීවල,மீவல,315
57,98,1737,1-2-27-490,490,Kitttammahara,කිත්තම්මහර,கித்தம்மஹர,316A
57,99,1738,1-2-27-495,495,Thihariya South,තිහාරිය දකුණ,திஹாரிய தெற்கு,318/E
57,100,1739,1-2-27-500,500,Pahala Thihariya,පහළ තිහාරිය,பஹல திஹாரிய,318B
57,101,1740,1-2-27-505,505,Thihariya West,තිහාරිය බටහිර,திஹாரிய மேற்கு,318/A
57,102,1741,1-2-27-510,510,Bogamuwa,බෝගමුව,‍‍போகமுவ,320A
57,103,1742,1-2-27-515,515,Mangalathiriya,මංගලතිරිය,மங்கலதிரிய,320
57,104,1743,1-2-27-520,520,Pilankada,පිලන්කඩ,பிலன்கட,319A
57,105,1744,1-2-27-525,525,Bonegala,බෝනෑගල,‍‍‍போ‍னேகல,313
57,106,1745,1-2-27-530,530,Meewala West,මීවල බටහිර,மீவல மேற்கு,315A
57,107,1746,1-2-27-535,535,Udugoda West,උඩුගොඩ බටහිර,உடுகொட,351/A
57,108,1747,1-2-27-540,540,Mathalana East,මාතලාන නැගෙනහිර,மாதலான கிழக்கு,352/B
57,109,1748,1-2-27-545,545,Udugoda,උදුගොඩ,உடுகொட,351
57,110,1749,1-2-27-550,550,Pannila,පන්නිල,பன்னில,352E
57,111,1750,1-2-27-555,555,Hunupola,හුණුපොල,ஹீனுபொல,352C
57,112,1751,1-2-27-560,560,Halpandeniya,හල්පන්දෙනිය,ஹல்பந்தெனிய,362A
57,113,1752,1-2-27-565,565,Urapola,ඌරාපොල,ஊராப்பொல,366
57,114,1753,1-2-27-570,570,Wanduramulla,වඳුරාමුල්ල,வந்துராமுல்ல,366/C
57,115,1754,1-2-27-575,575,Deenapamunuwa West,දීනපමුනුව බටහිර,தீனபமுணுவ மேற்கு,366D
57,116,1755,1-2-27-580,580,Deenapamunuwa,දීනපමුනුව,தீனபமுணுவ,366B
57,117,1756,1-2-27-585,585,Yatawaka,යටවක,யடவக்க,366/A
57,118,1757,1-2-27-590,590,Sapugasthenna,සපුගස්තැන්න,சபுகஸ்தென்ன,365B
57,119,1758,1-2-27-595,595,Bopagama,බෝපගම,‍‍போபகம,376
57,120,1759,1-2-27-600,600,Bopagama East,බෝපගම නැගෙනහිර,‍‍போபகம கிழக்கு,376A
57,121,1760,1-2-27-605,605,Meevitagammana,මීවිටගම්මන,மீவிடிகம்மண,375A
57,122,1761,1-2-27-610,610,Bopetta South,බෝපැත්ත දකුණ,‍‍போபெத்த தெற்கு,367B
57,123,1762,1-2-27-615,615,Bopetta,බෝපැත්ත,‍‍போபெத்த,367
57,124,1763,1-2-27-620,620,Nagoda,නාගොඩ,நாகொட,367A
57,125,1764,1-2-27-625,625,Kurawalana,කුරවලාන,குரவளாண,368A
57,126,1765,1-2-27-630,630,Kahatovita,කහටෝවිට,கஹடோவிட,369
57,127,1766,1-2-27-635,635,Kahatovita West,කහටෝවිට බටහිර,கஹடோவிட மேற்கு,369/A
57,128,1767,1-2-27-640,640,Ogodapola North,ඕගොඩපොල උතුර,ஒகொடபொல வடக்கு,314/A
57,129,1768,1-2-27-645,645,Ogodapola,ඕගොඩපොල,ஒகொடபொல,314
57,130,1769,1-2-27-650,650,Kahambiliyahena,කහඹිලිහේන,கஹம்பிலிஹேன,312/A
57,131,1770,1-2-27-655,655,Udathuththiripitiya,උඩතුත්තිරිපිටිය,உடதுத்திரிபிட்டிய,312
57,132,1771,1-2-27-660,660,Mattagoda,මට්ටාගොඩ,மட்டகொட,311
57,133,1772,1-2-27-665,665,Weerangula,වීරඟුල,வீரங்குல,310
57,134,1773,1-2-27-670,670,Weerangula South,වීරඟුල දකුණ,வீரங்குல தெற்கு,310/A
57,135,1774,1-2-27-675,675,Koskandawala North,කොස්කඳවල උතුර,கொஸ்கந்தவல வடக்கு,308/A
57,136,1775,1-2-27-680,680,Kirikittamulla,කිරිකිත්තමුල්ල,கிரிகித்தமுல்ல,309
57,137,1776,1-2-27-685,685,Kirikittamulla South,කිරිකිත්තමුල්ල දකුණ,கிரிகித்தமுல்ல தெற்கு,309A
57,138,1777,1-2-27-690,690,Koskandawala,කොස්කඳවල,கொஸ் கந்த வல,308
57,139,1778,1-2-27-695,695,Opathella,ඕපත්ඇල්ල,ஓபத்எல்ல,371
57,140,1779,1-2-27-700,700,Paranagama,පරණගම,பரணகம,370
57,141,1780,1-2-27-705,705,Paranagama East,පරණගම නැගෙනහිර,பரணகம கிழக்கு,370C
57,142,1781,1-2-27-710,710,Aruppassa,අරුප්පස්ස,அருப்பஸ்ஸ,368
57,143,1782,1-2-27-715,715,Madaotuwa West,මඩකොටුව බටහිර,மடகொடுவ மேற்கு,375B
57,144,1783,1-2-27-720,720,Madakotuwa,මඩකොටුව,மடகொடுவ,375
57,145,1784,1-2-27-725,725,Rathambale,රතඹලේ,றத்தம் பலே,374
57,146,1785,1-2-27-730,730,Walgammulla,වල්ගම්මුල්ල,வல்கம்முல்ல,373
57,147,1786,1-2-27-735,735,Ruwanpura,රුවන්පුර,ருவன் புர,370B
57,148,1787,1-2-27-740,740,Lavulupitiya,ලාවුලුපිටිය,லாவுலுபிட்டிய,372A
57,149,1788,1-2-27-745,745,Galboda,ගල්බොඩ,கல்பொட,370A
57,150,1789,1-2-27-750,750,Dematalanda,දෙමටලන්ද,தெமட்டலந்த,370D
57,151,1790,1-2-27-755,755,Happitiya,හප්පිටිය,ஹப்பிட்டிய,372
58,1,1791,1-2-30-005,005,Maryland Colony,මේරිලන්ඩ් ජනපදය,மேரி‍லேண்ட் கொலணி,389B
58,2,1792,1-2-30-010,010,Indurugalla,ඉඳුරුගල්ල,இந்துருகல்ல,389
58,3,1793,1-2-30-015,015,Wathurugama,වතුරුගම,வதுருகம,293
58,4,1794,1-2-30-020,020,Bandaranayakapura West,බණ්ඩාරනායකපුර බටහිර,பண்டாரநாயக்கபுர ‍மேற்கு,388C
58,5,1795,1-2-30-025,025,Bandaranayakapura East,බණ්ඩාරනායකපුර නැගෙනහිර,பண்டாரநாயக்கபுர கிழக்கு,388A
58,6,1796,1-2-30-030,030,Mailawalana,මයිලවලාන,மைலவலான,388
58,7,1797,1-2-30-035,035,Mailawalana South,මයිලවලාන දකුණ,மைலவலான தெற்கு,388B
58,8,1798,1-2-30-040,040,Thimbirigama,තිඹිරිගම,திம்பிரிகம,387A
58,9,1799,1-2-30-045,045,Mahal Loluwa,මහල්ලොලුව,மாஹல்லொலுவ,387
58,10,1800,1-2-30-050,050,Ihala Millathe,ඉහළ මිල්ලතෙ,இஹல மில்ல‍தே,386B
58,11,1801,1-2-30-055,055,Pingamuwa,පින්ගමුව,பிங்கமுவ,377
58,12,1802,1-2-30-060,060,Pahala Millathe,පහළ මිල්ලතෙ,பஹல மில்ல‍தே,386A
58,13,1803,1-2-30-065,065,Millathe,මිල්ලතෙ,மில்ல‍தே,386
58,14,1804,1-2-30-070,070,Kirindiwela,කිරිඳිවැල,கிரிந்திவெல,385
58,15,1805,1-2-30-075,075,Bogahawatta,බෝගහවත්ත,‍‍போகஹவத்தை,385A
58,16,1806,1-2-30-080,080,Rambutanwatta,රඹුටන්වත්ත,றம்புட்டான்வத்தை,390B
58,17,1807,1-2-30-085,085,Etambagahawatta,ඇටඹගහවත්ත,எடம்பகஹவத்தை,389C
58,18,1808,1-2-30-090,090,Kannimahara,කන්නිමහර,கண்ணிமஹர,389A
58,19,1809,1-2-30-095,095,Radawana North,රදාවාන උතුර,ரதாவான வடக்கு,390
58,20,1810,1-2-30-100,100,Palupelpita,පාලුපැල්පිට,பாலுபெல்பிட்ட,390E
58,21,1811,1-2-30-105,105,Kithulakanda,කිතුලකන්ද,கித்துலகந்த,390C
58,22,1812,1-2-30-110,110,Radawana South,රදාවාන දකුණ,ரதாவானதெற்கு,390A
58,23,1813,1-2-30-115,115,Alliyawatta,අල්ලියවත්ත,அல்லியவத்தை,390D
58,24,1814,1-2-30-120,120,Diyawala North,දියවාල උතුර,தியவால வடக்கு,391A
58,25,1815,1-2-30-125,125,Diyawala,දියවාල,தியவால,391
58,26,1816,1-2-30-130,130,Meddegama,මැද්දෙගම,மெத்தேகம,383
58,27,1817,1-2-30-135,135,Udagama,උඩගම,உடகம,384
58,28,1818,1-2-30-140,140,Vihara Kumbura,විහාරකුඹුර,விஹார கும்புர,384A
58,29,1819,1-2-30-145,145,Kuttivila,කුට්ටිවිල,குட்டிவில,377B
58,30,1820,1-2-30-150,150,Thalgaswatta,තල්ගස්වත්ත,தல்கஸ்வத்தை,377C
58,31,1821,1-2-30-155,155,Kendagolla,කැන්දගොල්ල,கெந்தகொல்ல,377A
58,32,1822,1-2-30-160,160,Udawela,උඩවෙල,உடவெல,378B
58,33,1823,1-2-30-165,165,Kirimatiyawatta,කිරිමැටියවත්ත,கிரிமெட்டியாவத்தை,378A
58,34,1824,1-2-30-170,170,Hiswella,හිස්වැල්ල,ஹிஸ்வெல்ல,378
58,35,1825,1-2-30-175,175,Kiriwana,කිරිවාන,கிரிவான,382A
58,36,1826,1-2-30-180,180,Meddegama North,මැද්දෙගම උතුර,மெத்தேகம வடக்கு,383A
58,37,1827,1-2-30-185,185,Meddegama South,මැද්දෙගම දකුණ,மெத்தேகம தெற்கு,383B
58,38,1828,1-2-30-190,190,Werahera,වේරහැර,வேரஹெர,382
58,39,1829,1-2-30-195,195,Pallegama South,පල්ලේගම දකුණ,பள்ளேகம தெற்கு,381B
58,40,1830,1-2-30-200,200,Pallegama,පල්ලේගම,பள்ளேகம,381
58,41,1831,1-2-30-205,205,Anuragoda,අනුරගොඩ,அனுரகொட,392
58,42,1832,1-2-30-210,210,Weralugampala,වේරළුගම්පල,‍‍வெரலுகம்பல,392A
58,43,1833,1-2-30-215,215,Nedungolla South,නැදුන්ගොල්ල දකුණ,நெடுங்கொல்ல தெற்கு,392D
58,44,1834,1-2-30-220,220,Nedungolla,නැදුන්ගොල්ල,நெதுன்கொல்ல,392B
58,45,1835,1-2-30-225,225,Nandarama Pedesa,නන්දාරාම පෙදෙස,நந்தாரம பிரதேசம்,394A
58,46,1836,1-2-30-230,230,Mandawala North,මන්ඩාවල උතුර,மண்டாவல -வடக்கு,394
58,47,1837,1-2-30-235,235,Mawatha,මාවත,மாவத்தை,394B
58,48,1838,1-2-30-240,240,Parakadamulla,පරකඩමුල්ල,பறகடமுல்ல,397B
58,49,1839,1-2-30-245,245,Nakandapola,නාකඳපොල,நாகந்தபொலை,397A
58,50,1840,1-2-30-250,250,Keragala,කෑරගල,‍‍கேரகல,397
58,51,1841,1-2-30-255,255,Weliketiyawatta,වැලිකැටියවත්ත,வெலிகெட்டியவத்தை,397C
58,52,1842,1-2-30-260,260,Kurunduhena,කුරුඳුහේන,குருந்து‍ஹேன,395B
58,53,1843,1-2-30-265,265,Baduwatta,බදුවත්ත,பதுவத்தை,395C
58,54,1844,1-2-30-270,270,Mandawala South,මණ්ඩාවල දකුණ,மண்டாவல தெற்கு,395
58,55,1845,1-2-30-275,275,Anuragoda South,අනුරගොඩ දකුණ,அனுரகொட தெற்கு,392C
58,56,1846,1-2-30-280,280,Walpola,වල්පොල,வல்பொல,381A
58,57,1847,1-2-30-285,285,Pepiliyawala,පැපිලියවල,பெபிலியவல,380B
58,58,1848,1-2-30-290,290,Ganihagama North,ගනිහගම උතුර,கணிஹகம வடக்கு,380A
58,59,1849,1-2-30-295,295,Watawala,වටවල,வட்டவள,379B
58,60,1850,1-2-30-300,300,Meethirigala,මීතිරිගල,மீதிரிகல,379
58,61,1851,1-2-30-305,305,Polhena,පොල්හේන,பொல்‍ஹேன,379C
58,62,1852,1-2-30-310,310,Ganihagama South,ගනිහගම දකුණ,கணிஹகம தெற்கு,380D
58,63,1853,1-2-30-315,315,Dangalla North,දන්ගල්ල උතුර,தங்கல்ல வடக்கு,380C
58,64,1854,1-2-30-320,320,Meniklanda,මැණික්ලන්ද,மெணிக்லந்த,422A
58,65,1855,1-2-30-325,325,Pelpita,පැල්පිට,பெல்பிட்ட,393
58,66,1856,1-2-30-330,330,Punchi Mandawala,පුංචි මණ්ඩාවල,புஞ்சி மண்டவல,395A
58,67,1857,1-2-30-335,335,Waharaka,වහරක,வஹரக,410C
58,68,1858,1-2-30-340,340,Putupagala,පුටුපාගල,புட்டுபகள,396
58,69,1859,1-2-30-345,345,Walaramba,වල්අරඹ,வளரம்ப,398A
58,70,1860,1-2-30-350,350,Demalagama,දෙමලගම,தெமலகம,398
58,71,1861,1-2-30-355,355,Helummahara,හැළුම්මහර,ஹெலும்மஹர,399
58,72,1862,1-2-30-360,360,Pananwala,පනන්වල,பனன்வல,399A
58,73,1863,1-2-30-365,365,Egoda Pelahela,එගොඩ පැලහැල,எகொட பெலஹேள,400B
58,74,1864,1-2-30-370,370,Pelahela,පැලහැල,பெலஹெல,400
58,75,1865,1-2-30-375,375,Madurawa,මදුරාව,மதுராவ,400A
58,76,1866,1-2-30-380,380,Kajugaswatta,කජුගස්වත්ත,கஜுகஸ்வத்தை,400C
58,77,1867,1-2-30-385,385,Ihala Lunugama,ඉහළ ලුණුගම,இஹல லுனுகம,410
58,78,1868,1-2-30-390,390,Meegahawatta,මීගහවත්ත,மீகஹவத்தை,410B
58,79,1869,1-2-30-395,395,Yakambe,යකඹේ,யக்கம்பே,393A
58,80,1870,1-2-30-400,400,Pattiyagama,පට්ටියගම,பட்டியகம,421
58,81,1871,1-2-30-405,405,Dangalla,දන්ගල්ල,தங்கல்ல,380
58,82,1872,1-2-30-410,410,Ranwala,රන්වල,ரண்வள,379A
58,83,1873,1-2-30-415,415,Wedagama,වෙදගම,வெதகம,379D
58,84,1874,1-2-30-420,420,Udugama,උඩුගම,உடுகம,423
58,85,1875,1-2-30-425,425,Udakananpella South,උඩුකනම්පැල්ල දකුණ,உடகனம்பெல்ல தெற்கு,424B
58,86,1876,1-2-30-430,430,Udakanampella,උඩුකනම්පැල්ල,உடகனம்பெல்ல,424A
58,87,1877,1-2-30-435,435,Senasungoda,සෙනසුන්ගොඩ,செனசுங்கொட,424
58,88,1878,1-2-30-440,440,Poogoda,පූගොඩ,பூகொட,422
58,89,1879,1-2-30-445,445,Bangalawatta,බංගලාවත්ත,பங்களாவத்தை,420A
58,90,1880,1-2-30-450,450,Kumarimulla,කුමාරිමුල්ල,குமாரிமுல்ல,419
58,91,1881,1-2-30-455,455,Ovitigama,ඔවිටිගම,ஓவிடிகம,420
58,92,1882,1-2-30-460,460,Parathapakanda,පරතාපකන්ද,பரதாபகந்த,420B
58,93,1883,1-2-30-465,465,Dethemulla,දැතෑමුල්ල,தெதேமுல்ல,406A
58,94,1884,1-2-30-470,470,Pahala Lunugama,පහල ලුණුගම,பஹல லுனுகம,410A
58,95,1885,1-2-30-475,475,Wanaluwawa North,වනළුවාව උතුර,வணலுவாவ வடக்கு,408
58,96,1886,1-2-30-480,480,Thelkekuna,තෙල්කැකුණ,தெல்கெகுண,404B
58,97,1887,1-2-30-485,485,Indolamulla,ඉන්දොලමුල්ල,இந்தொலமுல்ல,404
58,98,1888,1-2-30-490,490,Parangoda,පරංගොඩ,பரங்கொட,401A
58,99,1889,1-2-30-495,495,Namaluwa,නාමළුව,நாமலுவ,401C
58,100,1890,1-2-30-500,500,Dekatana,දෙකටන,தெகடண,401
58,101,1891,1-2-30-505,505,Narampola,නාරම්පොල,நாரம்பொல,401B
58,102,1892,1-2-30-510,510,Kalukondayawa West,කළුකොඳයාව බටහිර,களுகொந்தயாவ ‍மேற்கு,402A
58,103,1893,1-2-30-515,515,Kalukondayawa East,කළුකොඳයාව නැගෙනහිර,களுந்தயாவ கிழக்கு,402
58,104,1894,1-2-30-520,520,Galwalagoda,ගල්වලගොඩ,கல்வளகொட,401D
58,105,1895,1-2-30-525,525,Ganegoda,ගනේගොඩ,க‍னேகொட,404A
58,106,1896,1-2-30-530,530,Dompe,දොම්පෙ,தொம்‍பே,405
58,107,1897,1-2-30-535,535,Iddamaldeniya,ඉද්දමල්දෙනිය,இத்தமல்தெனிய,405A
58,108,1898,1-2-30-540,540,Guruwala,ගුරුවල,குருவல,409
58,109,1899,1-2-30-545,545,Egoda Guruwala,එගොඩ ගුරුවල,எகொட குருவல,409A
58,110,1900,1-2-30-550,550,Wanaluwawa South,වානළුවාව දකුණ,வானலுவாவ தெற்கு,408A
58,111,1901,1-2-30-555,555,Giridara West,ගිරිදර බටහිර,கிரிதர ‍மேற்கு,407C
58,112,1902,1-2-30-560,560,Galpothugoda,ගල්පොතුගොඩ,கல்பொதுகொட,406
58,113,1903,1-2-30-565,565,Nikawala,නිකවල,நிகவல,418
58,114,1904,1-2-30-570,570,Kapugoda,කපුගොඩ,கப்புகொட,418A
58,115,1905,1-2-30-575,575,Giridara,ගිරිදර,கிரிதர,407
58,116,1906,1-2-30-580,580,Malinda East,මාලිඳ නැගෙනහිර,மாலிந்த கிழக்கு,407B
58,117,1907,1-2-30-585,585,Malinda,මාලිඳ,மாலிந்த,407A
58,118,1908,1-2-30-590,590,Palugama,පාලුගම,பாலுகம,411
58,119,1909,1-2-30-595,595,Degawatta,දේගවත්ත,தெகவத்தை,405B
58,120,1910,1-2-30-600,600,Pahala Dompe,පහළ දොම්පෙ,பஹல தொம்‍பே,403
58,121,1911,1-2-30-605,605,Malwana,මල්වාන,மல்வான,413
58,122,1912,1-2-30-610,610,Pahala Mapitigama,පහළ මාපිටිගම,பஹல மாபிட்டிகம,412
58,123,1913,1-2-30-615,615,Morahena,මොරහේන,மொர‍ஹேண,412B
58,124,1914,1-2-30-620,620,Kimbulvilawatta,කිඹුල්විලවත්ත,கிம்புல்விலவத்தை,412A
58,125,1915,1-2-30-625,625,Udamapitigama,උඩමාපිටිගම,உடமாபிட்டிகம,414
58,126,1916,1-2-30-630,630,Udamapitigama South,උඩමාපිටිගම දකුණ,உடமாபிட்டிகம தெற்கு,414A
58,127,1917,1-2-30-635,635,Palugama West,පාලුගම බටහිර,பாலுகம ‍மேற்கு,411A
58,128,1918,1-2-30-640,640,Welgama,වේල්ගම,வேல்கம,415
58,129,1919,1-2-30-645,645,Lansiyahena,ලන්සියාහේන,லன்ஸியா‍ஹேண,415A
58,130,1920,1-2-30-650,650,Samanabedda North,සමනබැද්ද උතුර,சமணபெத்த வடக்கு,416A
58,131,1921,1-2-30-655,655,Mahawalawatta,මහවලවත්ත,மஹவளவத்த,417A
58,132,1922,1-2-30-660,660,Thittapattara,තිත්තපත්තර,தித்தபத்தர,417
58,133,1923,1-2-30-665,665,Samanabedda,සමනබැද්ද,சமணபெத்த,416
59,1,1924,1-2-33-005,005,Kimbulgoda,කිඹුල්ගොඩ,கிம்புல்கொட,304A
59,2,1925,1-2-33-010,010,Pituwalgoda,පිටුවල්ගොඩ,பிட்டுவல்கொட,306A
59,3,1926,1-2-33-015,015,Kinigama,කිනිගම,கிணிகம,304
59,4,1927,1-2-33-020,020,Maharagama,මාහරගම,மாஹரகம,303A
59,5,1928,1-2-33-025,025,Siwralumulla,සිවුරළුමුල්ල,சிவுரலுமுல்ல,303
59,6,1929,1-2-33-030,030,Pilikuththuwa,පිළිකුත්තුව,பிலிகுத்துவ,305
59,7,1930,1-2-33-035,035,Yongammulla,යොන්ගම්මුල්ල,யொன்கம்முல்ல,306
59,8,1931,1-2-33-040,040,Ambgaspitiya,අඹගස්පිටිය,அம்பகஸ்பிட்டிய,307A
59,9,1932,1-2-33-045,045,Warapalana,වරපලාන,வரபலான,294
59,10,1933,1-2-33-050,050,Kandumulla,කඳුමුල්ල,கந்துமுல்ல,307
59,11,1934,1-2-33-055,055,Pasgammana,පස්ගම්මන,பஸ்கம்மண,298
59,12,1935,1-2-33-060,060,Maligathenna,මාළිගාතැන්න,மாலிகாதெண்ண,297A
59,13,1936,1-2-33-065,065,Batepola North,බටේපොල උතුර,பட்‍டேபொல வடக்கு,295A
59,14,1937,1-2-33-070,070,Batepola,බටේපොල,பட்‍டேபொல,295
59,15,1938,1-2-33-075,075,Amunukumbura,අමුණුකුඹුර,அமுணுகும்புர,296
59,16,1939,1-2-33-080,080,Malwathuhiripitiya,මල්වතුහිරිපිටිය,மல்வத்துஹிரிபிட்டிய,297
59,17,1940,1-2-33-085,085,Buthpitiya North,බුත්පිටිය උතුර,புத்பிட்டிய வடக்கு,299
59,18,1941,1-2-33-090,090,Uruwala East,ඌරුවල නැගෙනහිර,ஊருவல கிழக்கு,302A
59,19,1942,1-2-33-095,095,Uruwala West,ඌරුවල බටහිර,ஊருவல ‍மேற்கு,302
59,20,1943,1-2-33-100,100,Buthpitiya South,බුත්පිටිය දකුණ,புத்பிட்டிய தெற்கு,300
59,21,1944,1-2-33-105,105,Neelamahara North,නීලමහර උතුර,நீலமஹர வடக்கு,298A
59,22,1945,1-2-33-110,110,Neelamahara South,නීලමහර දකුණ,நீலமஹர தெற்கு,298B
59,23,1946,1-2-33-115,115,Aramangoda North,අරමංගොඩ උතුර,அரமங்கொட வடக்கு,301B
59,24,1947,1-2-33-120,120,Puwakpitiya,පුවක්පිටිය,புவக்பிட்டிய,292A
59,25,1948,1-2-33-125,125,Amunukumbura South,අමුණුකුඹුර දකුණ,அமுணுகும்புர தெற்கு,296B
59,26,1949,1-2-33-130,130,Balivila,බලිවිල,பலிவில,296A
59,27,1950,1-2-33-135,135,Vilimbula North,විළිඹුල උතුර,விலிம்புல வடக்கு,292
59,28,1951,1-2-33-140,140,Vilimbula South,විළිඹුල දකුණ,விலிம்புல தெற்கு,292B
59,29,1952,1-2-33-145,145,Aramangoda,අරමංගොඩ,அரமங்கொட,301
59,30,1953,1-2-33-150,150,Kahatana,කහටාන,கஹடான,301A
59,31,1954,1-2-33-155,155,Henegama,හේනේගම,‍‍ஹேனேகம,291
59,32,1955,1-2-33-160,160,Etikehelgalla East,ඇටිකෙහෙල්ගල්ල නැගෙනහිර,எட்டிகெஹெல்கல்ல கிழக்கு,290
59,33,1956,1-2-33-165,165,Etikehelgalla West,ඇටිකෙහෙල්ගල්ල බටහිර,எட்டிகெஹெல்கல்ல ‍மேற்கு,290A
59,34,1957,1-2-33-170,170,Kirikitta North,කිරිකිත්ත උතුර,கிரிக்கித்த வடக்கு,289B
59,35,1958,1-2-33-175,175,Kirikitta East,කිරිකිත්ත නැගෙනහිර,கிரிக்கித்த கிழக்கு,289
59,36,1959,1-2-33-180,180,Kirikitta West,කිරිකිත්ත බටහිර,கிரிகித்த ‍மேற்கு,289A
59,37,1960,1-2-33-185,185,Ahugammana,අහුගම්මන,அகுகம்மன,284A
59,38,1961,1-2-33-190,190,Naranwala South,නාරන්වල දකුණ,நாரன்வள தெற்கு,284B
59,39,1962,1-2-33-195,195,Naranwala,නාරන්වල,நாரண்வள,284
59,40,1963,1-2-33-200,200,Udupila East,උඩුපිල නැගෙනහිර,உடுப்பில கிழக்கு,285B
59,41,1964,1-2-33-205,205,Udupila South,උඩුපිල දකුණ,உடுபில தெற்கு,285A
59,42,1965,1-2-33-210,210,Udupila North,උඩුපිල උතුර,உடுபில வடக்கு,285
59,43,1966,1-2-33-215,215,Webada South,වෑබඩ දකුණ,‍‍வேபட தெற்கு,288A
59,44,1967,1-2-33-220,220,Webada North,වෑබඩ උතුර,‍‍வேபட வடக்கு,288
59,45,1968,1-2-33-225,225,Webada West,වෑබඩ බටහිර,‍‍வேபட ‍மேற்கு,288B
59,46,1969,1-2-33-230,230,Kirillawala North,කිරිල්ලවල උතුර,கிரில்லவள வடக்கு,287D
59,47,1970,1-2-33-235,235,Kirillawala,කිරිල්ලවල,கிரில்லவள,287
59,48,1971,1-2-33-240,240,Kirillawala West,කිරිල්ලවල බටහිර,கிரில்லவள ‍மேற்கு,287C
59,49,1972,1-2-33-245,245,Sooriyapaluwa North,සූරියපාලුව උතුර,சூரியபாலுவ வடக்கு,245
59,50,1973,1-2-33-250,250,Kendaliyeddapaluwa East,කැන්දලියද්දපාළුව නැගෙනහිර,கெந்தலியெத்தபாலுவ கிழக்கு,246
59,51,1974,1-2-33-255,255,Kendaliyeddapaluwa North,කැන්දලියද්දපාළුව උතුර,கெந்தலியெத்தபாலுவ வடக்கு,246C
59,52,1975,1-2-33-260,260,Dangahawela,දංගහවෙල,தங்கஹவெள,246B
59,53,1976,1-2-33-265,265,Kendaliyeddapaluwa West,කැන්දලියද්දපාළුව බටහිර,கெந்தலியெத்தபாலுவ ‍மேற்கு,246A
59,54,1977,1-2-33-270,270,Mahara Nugegoda North,මහර නුගේගොඩ උතුර,மஹர நு‍கேகொட வடக்கு,247B
59,55,1978,1-2-33-275,275,Mahara Nugedoga West,මහර නුගේගොඩ බටහිර,மஹர நு‍கேகொட ‍மேற்கு,247A
59,56,1979,1-2-33-280,280,Mahara Nugegoda East,මහර නුගේගොඩ නැගෙනහිර,மஹர நு‍கேகொட கிழக்கு,247
59,57,1980,1-2-33-285,285,Sooriyapaluwa East,සූරියපාලුව නැගෙනහිර,சூரியபாலுவ கிழக்கு,245B
59,58,1981,1-2-33-290,290,Sooriyapaluwa South,සූරියපාලුව දකුණ,சூரியபாலுவ தெற்கு,245A
59,59,1982,1-2-33-295,295,Ranmuthugala,රන්මුතුගල,ரண்முத்துகல,287A
59,60,1983,1-2-33-300,300,Kirillawala South,කිරිල්ලවල දකුණ,கிரில்லவள தெற்கு,287B
59,61,1984,1-2-33-305,305,Webada East,වෑබඩ නැගෙනහිර,‍‍வேபட கிழக்கு,288C
59,62,1985,1-2-33-310,310,Gonahena East,ගෝනහේන නැගෙනහිර,‍கோண‍ஹேண கிழக்கு,286
59,63,1986,1-2-33-315,315,Gonahena North,ගෝනහේන උතුර,‍கோண‍ஹேண வடக்கு,286C
59,64,1987,1-2-33-320,320,Gonahena South,ගෝනහේන දකුණ,‍கோண‍ஹேண தெற்கு,286D
59,65,1988,1-2-33-325,325,Gonahena West,ගෝනහේන බටහිර,‍கோண‍ஹேண ‍மேற்கு,286A
59,66,1989,1-2-33-330,330,Eldeniya East,ඇල්දෙනිය නැගෙනහිර,எல்தெணிய கிழக்கு,286E
59,67,1990,1-2-33-335,335,Eldeniya West,ඇල්දෙනිය බටහිර,எல்தெணிய ‍மேற்கு,286B
59,68,1991,1-2-33-340,340,Puwakwetiya,පුවක්වැටිය,புவக்வெட்டிய,248C
59,69,1992,1-2-33-345,345,Ihala Karagahamuna South,ඉහළ කරගහමුණ දකුණ,இஹல கரகஹமுல்ல தெற்கு,248A
59,70,1993,1-2-33-350,350,Ihala Karagahamuna East,ඉහළ කරගහමුණ නැගෙනහිර,இஹல கரகஹமுண கிழக்கு,248B
59,71,1994,1-2-33-355,355,Ihala Karagahamuna North,ඉහළ කරගහමුණ උතුර,இஹல கரகஹமுண வடக்கு,248
59,72,1995,1-2-33-360,360,Mahara Nugegoda South,මහර නුගේගොඩ දකුණ,மஹர நு‍கேகொட தெற்கு,247C
59,73,1996,1-2-33-365,365,Neligama,නැලිගම,நெலிகம,249C
59,74,1997,1-2-33-370,370,Pahala Karagahamuna North,පහළ කරගහමුණ උතුර,பஹல கரகஹமுண வடக்கு,249
59,75,1998,1-2-33-375,375,Pahala Karagahamuna East,පහළ කරගහමුණ නැගෙනහිර,பஹல கரகஹமுண கிழக்கு,249A
59,76,1999,1-2-33-380,380,Pahala Karagahamuna West,පහළ කරගහමුණ බටහිර,பஹல கரகஹமுண ‍மேற்கு,249B
59,77,2000,1-2-33-385,385,Kopiwatta,කෝපිවත්ත,‍‍கோப்பிவத்த,251A
59,78,2001,1-2-33-390,390,Dalupitiya East,දළුපිටිය නැගෙනහිර,தலுபிட்டிய கிழக்கு,252
59,79,2002,1-2-33-395,395,Kirimetiyagara,කිරිමැටියාගාර,கிரிமெட்டியாகார,251
59,80,2003,1-2-33-400,400,Dalupitiya South,දළුපිටිය දකුණ,தலுபிட்டிய தெற்கு,252B
59,81,2004,1-2-33-405,405,Dalupitiya West,දළුපිටිය බටහිර,தலுபிட்டிய ‍மேற்கு,252A
59,82,2005,1-2-33-410,410,Pinnameda West,පින්නමැද බටහිර,பிண்ணமெத ‍மேற்கு,255D
59,83,2006,1-2-33-415,415,Gongithota,ගොංගිතොට,கொங்கிதொட்ட,255C
59,84,2007,1-2-33-420,420,Appugewatta,අප්පුගෙවත්ත,அப்புகெவத்த,255H
59,85,2008,1-2-33-425,425,Gongithota West,ගොංගිතොට බටහිර,கொங்கிதொட்ட ‍மேற்கு,255G
59,86,2009,1-2-33-430,430,Enderamulla South,එඬේරමුල්ල දකුණ,எண்‍டேரமுல்ல தெற்கு,255B
59,87,2010,1-2-33-435,435,Enderamulla East,එඬේරමුල්ල නැගෙනහිර,எண்‍டேரமுல்ல கிழக்கு,255E
59,88,2011,1-2-33-440,440,Pinnameda,පින්නමැද,பிண்ணமெத,255
59,89,2012,1-2-33-445,445,Nathuduwa,නාතුඩුව,நாதுடுவ,253
59,90,2013,1-2-33-450,450,Enderamulla West,එඬේරමුල්ල බටහිර,எண்‍டேரமுல்ல ‍மேற்கு,255F
59,91,2014,1-2-33-455,455,Nathuduwa West,නාතුඩුව බටහිර,நாதுடுவ ‍மேற்கு,253A
59,92,2015,1-2-33-460,460,Akbar Town,අක්බාර් නගරය,அக்பார் டவுண்,255A
60,1,2016,1-2-36-005,005,Welegoda,වෙලේගොඩ,வெ‍லேகொட,256B
60,2,2017,1-2-36-010,010,Hunupitiya North,හුණුපිටිය උතුර,ஹுணுபிட்டிய வடக்கு,256
60,3,2018,1-2-36-015,015,Nahena,නාහේන,நா‍ஹேண,256C
60,4,2019,1-2-36-020,020,Eriyawetiya,ඊරියවැටිය,ஈறியவெட்டி,259A
60,5,2020,1-2-36-025,025,Kiribathgoda,කිරිබත්ගොඩ,கிரிபத்கொட,267A
60,6,2021,1-2-36-030,030,Thalawathuhenpita North,තලවතුහේන්පිට උතුර,தலவது‍ஹென்பிட்ட வடக்கு,267
60,7,2022,1-2-36-035,035,Thalawathuhenpita South,තලවතුහේන්පිට දකුණ,தலவத்து‍கேன்பிட்ட தெற்கு,266
60,8,2023,1-2-36-040,040,Kendahena,කැන්දහේන,கெந்த‍ஹேண,266A
60,9,2024,1-2-36-045,045,Egoda Eriyawetiya,එගොඩ ඊරියවැටිය,எகொட ஈறியவெட்டி,259C
60,10,2025,1-2-36-050,050,Hunupitiya East,හුණුපිටිය නැගෙනහිර,ஹுணுபிட்டிய கிழக்கு,256D
60,11,2026,1-2-36-055,055,Hunupitiya South,හුණුපිටිය දකුණ,ஹுணுபிட்டிய தெற்கு,256A
60,12,2027,1-2-36-060,060,Wanawasala West,වනවාසල බටහිර,வனவாசல ‍மேற்கு,257
60,13,2028,1-2-36-065,065,Wanawasala East,වනවාසල නැගෙනහිර,வனவாசல கிழக்கு,257B
60,14,2029,1-2-36-070,070,Dippitigoda,දිප්පිටිගොඩ,திப்பிடிகொட,260
60,15,2030,1-2-36-075,075,Weweldoowa,වේවැල්දූව,‍வேவெல்தூவ,258
60,16,2031,1-2-36-080,080,Warakanatta,වරාකනත්ත,வராகனத்த,259
60,17,2032,1-2-36-085,085,Koholvila,කොහොල්විල,கொஹொல்வில,259B
60,18,2033,1-2-36-090,090,Dalugamgoda,දළුගම්ගොඩ,தலுகம்கொட,258A
60,19,2034,1-2-36-095,095,Nungamugoda,නුංගමුගොඩ,நுங்கமுகொட,258B
60,20,2035,1-2-36-100,100,Dalugama,දළුගම,தலுகம,260A
60,21,2036,1-2-36-105,105,Himbutuwelgoda,හිඹුටුවැල්ගොඩ,ஹிம்புடுவெல்கொட,257A
60,22,2037,1-2-36-110,110,Pattiya East,පට්ටිය නැගෙනහිර,‍ பட்டிய கிழக்கு,173
60,23,2038,1-2-36-115,115,Pattiya North,පට්ටිය උතුර,பட்டிய வடக்கு,173B
60,24,2039,1-2-36-120,120,Meegahawatta,මීගහවත්ත,மீகஹவத்த,174C
60,25,2040,1-2-36-125,125,Peliyagodawatta,පෑලියගොඩවත්ත,‍பேலியகொடவத்த,174A
60,26,2041,1-2-36-130,130,Peliyagoda Gangabada,පෑලියගොඩ ගඟබඩ,‍பேலியகொட கங்கபட,174
60,27,2042,1-2-36-135,135,Peliyagoda Gangabada East,පෑලියගොඩ ගඟබඩ නැගෙනහිර,‍பேலியகொட கங்கபட கிழக்கு,174B
60,28,2043,1-2-36-140,140,Pattiya West,පට්ටිය බටහිර,பட்டிய ‍மேற்கு,173A
60,29,2044,1-2-36-145,145,Wedamulla,වෙදමුල්ල,வெதமுல்ல,261
60,30,2045,1-2-36-150,150,Galborella,ගල්බොරැල්ල,கல்பொரெல்ல,261A
60,31,2046,1-2-36-155,155,Polhena,පොල්හේන,பொல்‍ஹேன,264A
60,32,2047,1-2-36-160,160,Kelaniya,කැළණිය,களணி,264
60,33,2048,1-2-36-165,165,Sinharamulla North,සිංහාරමුල්ල උතුර,சிங்ஹாரமுல்ல வடக்கு,263B
60,34,2049,1-2-36-170,170,Pilapitiya,පිලපිටිය,பிலபிடிய,263A
60,35,2050,1-2-36-175,175,Pethiyagoda,පෙතියාගොඩ,பெதியாகொட,262
60,36,2051,1-2-36-180,180,Mawella,මෑවෑල්ල,மேவெல்ல,262A
60,37,2052,1-2-36-185,185,Sinharamulla,සිංහාරමුල්ල,சிங்ஹாரமுல்ல,263
61,1,2053,1-2-39-005,005,Pahala Biyanvila East,පහළ බියන්විල නැගෙනහිර,பஹல பியன்வில கிழக்கு,268
61,2,2054,1-2-39-010,010,Ihala Biyanvila North,ඉහළ බියන්විල උතුර,இஹல பியன்வில வடக்கு,269
61,3,2055,1-2-39-015,015,Ihala Biyanvila Central,ඉහළ බියන්විල මධ්‍යම,மத்திய இஹல பியன்வில,269/B
61,4,2056,1-2-39-020,020,Mawaramandiya,මාවරමණ්ඩිය,மாவரமண்டிய,269/A
61,5,2057,1-2-39-025,025,Meegahawatta West,මීගහවත්ත බටහිර,மீகஹவத்த மேற்கு,272/A
61,6,2058,1-2-39-030,030,Meegahawatta East,මීගහවත්ත නැගෙනහිර,மீகஹவத்த கிழக்கு,272
61,7,2059,1-2-39-035,035,Kammalwatta,කම්මල්වත්ත,கம்மல்வத்த,273
61,8,2060,1-2-39-040,040,Delgoda,දෙල්ගොඩ,தெல்கொட,282/A
61,9,2061,1-2-39-045,045,Athurumulla,අතුරුමුල්ල,அதுருமுல்ல,283
61,10,2062,1-2-39-050,050,Kanduboda East,කඳුබොඩ නැගෙනහිර,கந்துபொட கிழக்கு,282
61,11,2063,1-2-39-055,055,Kanduboda West,කඳුබොඩ බටහිර,கந்துபொட மேற்கு,282/B
61,12,2064,1-2-39-060,060,Siyambalape Watta,සියඹලාපෙ වත්ත,சியம்பலா‍ப்பே வத்தை,274/C
61,13,2065,1-2-39-065,065,Daranagama,දරණගම,தரணகம,272B
61,14,2066,1-2-39-070,070,Siyambalape North,සියඹලාපෙ උතුර,சியம்பலா‍ப்பே வடக்கு,274
61,15,2067,1-2-39-075,075,Heiyanthuduwa North,හෙයියන්තුඩුව උතුර,ஹெய்யந்துடுவ வடக்கு,275
61,16,2068,1-2-39-080,080,Makola South Ihala,මාකොළ දකුණ ඉහළ,மாக்கொல தெற்கு இஹல,271
61,17,2069,1-2-39-085,085,Makola North Ihala,මාකොළ උතුර ඉහළ,மாகொல வடக்கு இஹல,270
61,18,2070,1-2-39-090,090,Makola North Central,මාකොළ උතුර මධ්‍යම,மாக்கொல வடமத்திய,270/A
61,19,2071,1-2-39-095,095,Pahala Biyanvila West,පහළ බියන්විල බටහිර,பஹல பியன்வில மேற்கு,268/A
61,20,2072,1-2-39-100,100,Pahala Biyanvila Central,පහළ බියන්විල මධ්‍යම,பஹல பியன்வில மத்திய,268/B
61,21,2073,1-2-39-105,105,Makola North Pahala,මාකොළ උතුර පහළ,மாகொல வடக்கு பஹல,270/B
61,22,2074,1-2-39-110,110,Makola South Pahala,මාකොළ දකුණ පහළ,மாகொல தெற்கு பஹல,271/B
61,23,2075,1-2-39-115,115,Pamunuvila,පමුණුවිල,பமுணுவில,265
61,24,2076,1-2-39-120,120,Gonawala East,ගෝනවල නැගෙනහිර,‍‍கோணவல கிழக்கு,277
61,25,2077,1-2-39-125,125,Sapugaskanda,සපුගස්කන්ද,சப்புகஸ்கந்த,271/A
61,26,2078,1-2-39-130,130,Heiyanthuduwa West,හෙයියන්තුඩුව බටහිර,ஹெயியன்துடுவ மேற்கு,275/C
61,27,2079,1-2-39-135,135,Heiyanthuduwa East,හෙයියන්තුඩුව නැගෙනහිර,ஹெயியன்துடுவ கிழக்கு,275B
61,28,2080,1-2-39-140,140,Siyambalape South,සියඹලාපෙ දකුණ,சியம்பலா‍பே தெற்கு,274/A
61,29,2081,1-2-39-145,145,Yatihena,යටිහේන,யடி‍ஹேன,274/B
61,30,2082,1-2-39-150,150,Ulahitiwala,උලහිටිවල,உலஹிடிவல,281/B
61,31,2083,1-2-39-155,155,Walgama West,වල්ගම බටහිර,வல்கம மேற்கு,281/A
61,32,2084,1-2-39-160,160,Biyagama North,බියගම උතුර,பியகம வடக்கு,280
61,33,2085,1-2-39-165,165,Biyagama West,බියගම බටහිර,பியகம மேற்கு,280/D
61,34,2086,1-2-39-170,170,Heiyanthuduwa South,හෙයියන්තුඩුව දකුණ,ஹெய்யண்துடுவ தெற்கு,275A
61,35,2087,1-2-39-175,175,Mabima East,මාබිම නැගෙනහිර,மாபிம கிழக்கு,276
61,36,2088,1-2-39-180,180,Mabima West,මාබිම බටහිර,மாபிம மேற்கு,276A
61,37,2089,1-2-39-185,185,Pattivila North,පට්ටිවිල උතුර,பட்டிவில வடக்கு,279
61,38,2090,1-2-39-190,190,Gonawala Central,ගෝනවල මධ්‍යම,மத்திய ‍‍கோணவல,277B
61,39,2091,1-2-39-195,195,Galeadanda,ගලඒදණ්ඩ,கல்ஏதண்ட,265A
61,40,2092,1-2-39-200,200,Gonawala West,ගෝනවල බටහිර,‍‍கோணவல மேற்கு,277/A
61,41,2093,1-2-39-205,205,Thalwatta,තල්වත්ත,தல்வத்த,278
61,42,2094,1-2-39-210,210,Bollagala,‍බොල්ලෑගල,பொல்லேகல,278A
61,43,2095,1-2-39-215,215,Pattivila South,පට්ටිවිල දකුණ,பட்டிவில தெற்கு,279/A
61,44,2096,1-2-39-220,220,Biyagama South,බියගම දකුණ,பியகம தெற்கு,280/C
61,45,2097,1-2-39-225,225,Biyagama East,බියගම නැගෙනහිර,பியகம கிழக்கு,280B
61,46,2098,1-2-39-230,230,Yabaraluwa North,යබරළුව උතුර,யபரலுவ வடக்கு,280/A
61,47,2099,1-2-39-235,235,Yabaraluwa South,යබරළුව දකුණ,யபரலுவ தெற்கு,280/E
61,48,2100,1-2-39-240,240,Malwana Town,මල්වාන නගරය,மல்வான நகரம்,281/C
61,49,2101,1-2-39-245,245,Walgama East,වල්ගම නැගෙනහිර,வல்கம கிழக்கு,281